ds,global_tilted_irradiance,yhat
2026-02-23 08:30:00,57.81110199880514,269.50375
2026-02-23 08:45:00,34.36306661574019,80.8305
2026-02-23 09:00:00,32.727174026356735,38.99209
2026-02-23 09:15:00,63.123078250353416,211.10655
2026-02-23 09:30:00,168.23206227280997,869.20844
2026-02-23 09:45:00,168.6038222111447,856.18726
2026-02-23 10:00:00,105.33849711390567,428.89673
2026-02-23 10:15:00,216.86179823527516,1137.1704
2026-02-23 10:30:00,342.74745349682587,1949.9584
2026-02-23 10:45:00,172.25127447827148,867.3805
2026-02-23 11:00:00,165.87065537239016,833.1148
2026-02-23 11:15:00,209.24701240456397,1124.7291
2026-02-23 11:30:00,370.5415131648649,2176.2285
2026-02-23 11:45:00,244.38251278946055,1361.2137
2026-02-23 12:00:00,378.8549724988503,2250.0193
2026-02-23 12:15:00,323.28996456741106,1933.6869
2026-02-23 12:30:00,201.01785483734994,1176.68
2026-02-23 12:45:00,119.9239309178823,672.9612
2026-02-23 13:00:00,264.5367894204999,1633.0116
2026-02-23 13:15:00,279.3249063142264,1738.3557
2026-02-23 13:30:00,134.71752584327956,816.99023
2026-02-23 13:45:00,80.67855323771657,521.2794
2026-02-23 14:00:00,108.25581683728485,707.8916
2026-02-23 14:15:00,98.39144766148011,617.19934
2026-02-23 14:30:00,157.77941931913486,992.9284
2026-02-23 14:45:00,147.89842993671408,945.65265
2026-02-23 15:00:00,158.60009308773607,1010.3398
2026-02-23 15:15:00,100.67370726507683,642.5214
2026-02-23 15:30:00,73.65524739620385,471.31784
2026-02-23 15:45:00,67.165554813022,426.37253
2026-02-23 16:00:00,42.79853338606431,269.72385
2026-02-23 16:15:00,35.98967536842939,231.18564
2026-02-23 16:30:00,16.535797770349287,101.00437
2026-02-23 16:45:00,2.918081735079447,18.124672
2026-02-23 17:00:00,0.0,0.0
2026-02-23 17:15:00,0.0,0.2992838
2026-02-23 17:30:00,0.0,0.0
2026-02-23 17:45:00,0.0,0.026246428
2026-02-23 18:00:00,0.0,4.44711
2026-02-23 18:15:00,0.0,5.94073
2026-02-23 18:30:00,0.0,6.905274
2026-02-23 18:45:00,0.0,6.293664
2026-02-23 19:00:00,0.0,2.035594
2026-02-23 19:15:00,0.0,4.701617
2026-02-23 19:30:00,0.0,3.7352397
2026-02-23 19:45:00,0.0,0.0
2026-02-23 20:00:00,0.0,2.1165729
2026-02-23 20:15:00,0.0,0.89037275
2026-02-23 20:30:00,0.0,1.7247511
2026-02-23 20:45:00,0.0,1.855575
2026-02-23 21:00:00,0.0,1.9950581
2026-02-23 21:15:00,0.0,1.8767354
2026-02-23 21:30:00,0.0,3.0526266
2026-02-23 21:45:00,0.0,2.778005
2026-02-23 22:00:00,0.0,2.2760682
2026-02-23 22:15:00,0.0,1.9015423
2026-02-23 22:30:00,0.0,1.4144244
2026-02-23 22:45:00,0.0,1.5465981
2026-02-23 23:00:00,0.0,1.8207456
2026-02-23 23:15:00,0.0,2.1095688
2026-02-23 23:30:00,0.0,1.3135812
2026-02-23 23:45:00,0.0,2.0354514
2026-02-24 00:00:00,0.0,2.2803726
2026-02-24 00:15:00,0.0,2.1967933
2026-02-24 00:30:00,0.0,1.8135129
2026-02-24 00:45:00,0.0,1.722334
2026-02-24 01:00:00,0.0,1.4217038
2026-02-24 01:15:00,0.0,0.594563
2026-02-24 01:30:00,0.0,0.47063202
2026-02-24 01:45:00,0.0,0.1708209
2026-02-24 02:00:00,0.0,0.03670693
2026-02-24 02:15:00,0.0,0.091507934
2026-02-24 02:30:00,0.0,0.31605098
2026-02-24 02:45:00,0.0,0.06831308
2026-02-24 03:00:00,0.0,0.5896229
2026-02-24 03:15:00,0.0,0.0
2026-02-24 03:30:00,0.0,0.0
2026-02-24 03:45:00,0.0,1.6249866
2026-02-24 04:00:00,0.0,1.8405533
2026-02-24 04:15:00,0.0,2.317181
2026-02-24 04:30:00,0.0,2.9482446
2026-02-24 04:45:00,0.0,3.2719655
2026-02-24 05:00:00,0.0,2.367775
2026-02-24 05:15:00,0.0,2.091463
2026-02-24 05:30:00,0.0,2.7300277
2026-02-24 05:45:00,0.0,2.0987542
2026-02-24 06:00:00,0.0,0.0
2026-02-24 06:15:00,0.0,0.0
2026-02-24 06:30:00,3.8907758057183153,17.415506
2026-02-24 06:45:00,10.699633346516077,52.839256
2026-02-24 07:00:00,19.453879505428734,97.927345
2026-02-24 07:15:00,30.153511898270494,148.82216
2026-02-24 07:30:00,45.71661702849239,233.54752
2026-02-24 07:45:00,46.68930776127115,220.41406
2026-02-24 08:00:00,65.5657084845612,316.149
2026-02-24 08:15:00,71.57358890135325,332.9048
2026-02-24 08:30:00,86.93353176583122,407.58606
2026-02-24 08:45:00,77.71331238115746,314.95755
2026-02-24 09:00:00,81.60663989820844,315.7637
2026-02-24 09:15:00,104.40447047997867,438.53317
2026-02-24 09:30:00,122.43375133763392,528.9768
2026-02-24 09:45:00,85.20849243952233,273.8055
2026-02-24 10:00:00,141.04061783128947,621.01306
2026-02-24 10:15:00,185.8495805863041,901.84906
2026-02-24 10:30:00,236.7382960882905,1228.311
2026-02-24 10:45:00,226.0527312465602,1163.6194
2026-02-24 11:00:00,192.3162215589411,955.52155
2026-02-24 11:15:00,217.46935346775456,1136.2483
2026-02-24 11:30:00,226.48644020685143,1214.0115
2026-02-24 11:45:00,229.92209214805695,1256.9362
2026-02-24 12:00:00,213.88254926891898,1182.9652
2026-02-24 12:15:00,191.04190325977072,1063.8145
2026-02-24 12:30:00,145.07286735550215,790.93854
2026-02-24 12:45:00,101.74163897956156,534.74457
2026-02-24 13:00:00,105.05095009225462,580.141
2026-02-24 13:15:00,119.92577355928361,691.8244
2026-02-24 13:30:00,134.09417382950505,796.91327
2026-02-24 13:45:00,111.32691828005069,666.71
2026-02-24 14:00:00,186.85123546712188,1162.3011
2026-02-24 14:15:00,133.3167151198733,825.21875
2026-02-24 14:30:00,84.40318638713255,515.5233
2026-02-24 14:45:00,120.18438756464144,751.88666
2026-02-24 15:00:00,108.08641567165542,677.1178
2026-02-24 15:15:00,125.67202358834956,794.0412
2026-02-24 15:30:00,98.65681193653899,623.4056
2026-02-24 15:45:00,77.637042726959,488.8639
2026-02-24 16:00:00,44.31373479439191,275.7632
2026-02-24 16:15:00,28.072960276923467,173.82181
2026-02-24 16:30:00,13.617715081595524,82.01002
2026-02-24 16:45:00,3.8907758057183153,19.593891
2026-02-24 17:00:00,0.0,0.0
2026-02-24 17:15:00,0.0,0.0
2026-02-24 17:30:00,0.0,0.0
2026-02-24 17:45:00,0.0,0.0
2026-02-24 18:00:00,0.0,0.0
2026-02-24 18:15:00,0.0,0.0
2026-02-24 18:30:00,0.0,0.0
2026-02-24 18:45:00,0.0,0.0
2026-02-24 19:00:00,0.0,0.0
2026-02-24 19:15:00,0.0,0.0
2026-02-24 19:30:00,0.0,0.0
2026-02-24 19:45:00,0.0,0.0
2026-02-24 20:00:00,0.0,0.0
2026-02-24 20:15:00,0.0,1.0411509
2026-02-24 20:30:00,0.0,1.1238335
2026-02-24 20:45:00,0.0,1.6347263
2026-02-24 21:00:00,0.0,3.2396896
2026-02-24 21:15:00,0.0,2.7381911
2026-02-24 21:30:00,0.0,2.6575558
2026-02-24 21:45:00,0.0,2.1250546
2026-02-24 22:00:00,0.0,2.1684895
2026-02-24 22:15:00,0.0,1.9331173
2026-02-24 22:30:00,0.0,1.8165168
2026-02-24 22:45:00,0.0,1.7660972
2026-02-24 23:00:00,0.0,1.4296514
2026-02-24 23:15:00,0.0,1.3767291
2026-02-24 23:30:00,0.0,2.2928402
2026-02-24 23:45:00,0.0,2.0395336
2026-02-25 00:00:00,0.0,2.1808498
2026-02-25 00:15:00,0.0,2.2754152
2026-02-25 00:30:00,0.0,2.0147576
2026-02-25 00:45:00,0.0,1.8161905
2026-02-25 01:00:00,0.0,1.5077146
2026-02-25 01:15:00,0.0,0.9560973
2026-02-25 01:30:00,0.0,0.72165793
2026-02-25 01:45:00,0.0,0.43410364
2026-02-25 02:00:00,0.0,0.24737453
2026-02-25 02:15:00,0.0,0.20484559
2026-02-25 02:30:00,0.0,0.26155815
2026-02-25 02:45:00,0.0,0.31968972
2026-02-25 03:00:00,0.0,0.7544412
2026-02-25 03:15:00,0.0,1.0648904
2026-02-25 03:30:00,0.0,1.679887
2026-02-25 03:45:00,0.0,2.029616
2026-02-25 04:00:00,0.0,2.8771973
2026-02-25 04:15:00,0.0,3.4991639
2026-02-25 04:30:00,0.0,2.6109364
2026-02-25 04:45:00,0.0,5.150687
2026-02-25 05:00:00,0.0,4.328928
2026-02-25 05:15:00,0.0,4.47063
2026-02-25 05:30:00,0.0,4.9005747
2026-02-25 05:45:00,0.0,4.284314
2026-02-25 06:00:00,0.0,2.3616796
2026-02-25 06:15:00,0.0,0.0
2026-02-25 06:30:00,14.67430334583327,87.47767
2026-02-25 06:45:00,36.368653176440475,218.84488
2026-02-25 07:00:00,61.39522333430732,369.8849
2026-02-25 07:15:00,88.95077388352033,531.19507
2026-02-25 07:30:00,120.2959853177168,716.2969
2026-02-25 07:45:00,146.65887447935972,866.1155
2026-02-25 08:00:00,165.2548895746956,958.5922
2026-02-25 08:15:00,179.80523571113116,1030.0994
2026-02-25 08:30:00,192.00936269421848,1082.006
2026-02-25 08:45:00,206.0088266743715,1138.9083
2026-02-25 09:00:00,213.83405685983467,1162.8323
2026-02-25 09:15:00,222.4408702376981,1196.5854
2026-02-25 09:30:00,235.44240562487508,1252.9097
2026-02-25 09:45:00,260.85092825383305,1400.4995
2026-02-25 10:00:00,301.2002340105273,1648.1074
2026-02-25 10:15:00,351.2059812989397,1963.6462
2026-02-25 10:30:00,396.10435709565394,2251.6848
2026-02-25 10:45:00,430.8427246713219,2480.4607
2026-02-25 11:00:00,457.5967391796446,2663.2249
2026-02-25 11:15:00,477.94900387827744,2812.0798
2026-02-25 11:30:00,493.8797591543224,2934.21
2026-02-25 11:45:00,503.4671960612762,3018.2517
2026-02-25 12:00:00,506.164207893784,3063.2231
2026-02-25 12:15:00,504.4710339007164,3080.414
2026-02-25 12:30:00,497.4047965391512,3058.734
2026-02-25 12:45:00,489.00442561914673,3027.1782
2026-02-25 13:00:00,478.1159522104509,2981.9243
2026-02-25 13:15:00,460.80415149697546,2886.7053
2026-02-25 13:30:00,442.08873774971795,2781.4336
2026-02-25 13:45:00,420.00383112500043,2654.5278
2026-02-25 14:00:00,392.9295054145105,2489.8645
2026-02-25 14:15:00,361.75044307447257,2295.5146
2026-02-25 14:30:00,330.57941214729294,2100.708
2026-02-25 14:45:00,295.09604328393675,1878.2954
2026-02-25 15:00:00,258.6954522613346,1647.4514
2026-02-25 15:15:00,220.9133658259513,1406.3295
2026-02-25 15:30:00,183.28981285252976,1167.5873
2026-02-25 15:45:00,142.69669302887505,907.8205
2026-02-25 16:00:00,102.58586631814094,651.33075
2026-02-25 16:15:00,66.42173826040369,420.23126
2026-02-25 16:30:00,34.95124782527169,218.97734
2026-02-25 16:45:00,11.23923026599098,67.52711
2026-02-25 17:00:00,0.0,0.0
2026-02-25 17:15:00,0.0,0.0
2026-02-25 17:30:00,0.0,0.0
2026-02-25 17:45:00,0.0,0.0
2026-02-25 18:00:00,0.0,0.0
2026-02-25 18:15:00,0.0,0.0
2026-02-25 18:30:00,0.0,0.0
2026-02-25 18:45:00,0.0,0.0
2026-02-25 19:00:00,0.0,0.0
2026-02-25 19:15:00,0.0,0.0
2026-02-25 19:30:00,0.0,0.0
2026-02-25 19:45:00,0.0,0.0
2026-02-25 20:00:00,0.0,0.0
2026-02-25 20:15:00,0.0,0.0
2026-02-25 20:30:00,0.0,1.1517323
2026-02-25 20:45:00,0.0,1.7458522
2026-02-25 21:00:00,0.0,1.6124674
2026-02-25 21:15:00,0.0,2.3087025
2026-02-25 21:30:00,0.0,2.3257241
2026-02-25 21:45:00,0.0,2.2407987
2026-02-25 22:00:00,0.0,2.2212632
2026-02-25 22:15:00,0.0,1.9396117
2026-02-25 22:30:00,0.0,1.7053748
2026-02-25 22:45:00,0.0,1.5423005
2026-02-25 23:00:00,0.0,1.1390654
2026-02-25 23:15:00,0.0,1.0637095
2026-02-25 23:30:00,0.0,1.6336733
2026-02-25 23:45:00,0.0,1.1797625
2026-02-26 00:00:00,0.0,1.1416224
2026-02-26 00:15:00,0.0,2.4271207
2026-02-26 00:30:00,0.0,0.53150606
2026-02-26 00:45:00,0.0,1.8622737
2026-02-26 01:00:00,0.0,1.6591828
2026-02-26 01:15:00,0.0,1.8592113
2026-02-26 01:30:00,0.0,0.9743521
2026-02-26 01:45:00,0.0,0.73770016
2026-02-26 02:00:00,0.0,0.54103756
2026-02-26 02:15:00,0.0,0.0
2026-02-26 02:30:00,0.0,0.10755563
2026-02-26 02:45:00,0.0,0.31957892
2026-02-26 03:00:00,0.0,0.3546409
2026-02-26 03:15:00,0.0,0.68590856
2026-02-26 03:30:00,0.0,1.8220295
2026-02-26 03:45:00,0.0,2.0048032
2026-02-26 04:00:00,0.0,2.6623673
2026-02-26 04:15:00,0.0,3.6313794
2026-02-26 04:30:00,0.0,4.3837624
2026-02-26 04:45:00,0.0,5.8975387
2026-02-26 05:00:00,0.0,6.4400806
2026-02-26 05:15:00,0.0,6.71712
2026-02-26 05:30:00,0.0,6.048247
2026-02-26 05:45:00,0.0,5.1918616
2026-02-26 06:00:00,0.0,3.311371
2026-02-26 06:15:00,0.9726939514295788,6.2418585
2026-02-26 06:30:00,7.7815516114366305,43.064537
2026-02-26 06:45:00,16.535797770349287,92.623276
2026-02-26 07:00:00,23.344653880635576,125.881256
2026-02-26 07:15:00,32.95626763208801,170.11061
2026-02-26 07:30:00,41.4210898179622,207.43242
2026-02-26 07:45:00,49.087956621047745,238.53183
2026-02-26 08:00:00,55.816158936327724,253.65099
2026-02-26 08:15:00,61.92272610255432,267.59396
2026-02-26 08:30:00,72.24772331505383,309.42154
2026-02-26 08:45:00,85.6945565240527,362.80283
2026-02-26 09:00:00,105.10889841193554,461.43402
2026-02-26 09:15:00,130.0549862697162,597.5975
2026-02-26 09:30:00,156.42729981500761,742.9845
2026-02-26 09:45:00,186.18932641945923,918.06616
2026-02-26 10:00:00,218.94432365160105,1116.7959
2026-02-26 10:15:00,254.145695620647,1336.9391
2026-02-26 10:30:00,288.3494126279412,1556.0394
2026-02-26 10:45:00,322.13610335593114,1778.7136
2026-02-26 11:00:00,354.01257679239086,1994.4146
2026-02-26 11:15:00,384.0101698484883,2205.3694
2026-02-26 11:30:00,410.2155170035378,2393.6858
2026-02-26 11:45:00,435.1563323538322,2576.665
2026-02-26 12:00:00,455.9579230683737,2738.2844
2026-02-26 12:15:00,473.5110006441206,2881.108
2026-02-26 12:30:00,486.88507671396553,2991.489
2026-02-26 12:45:00,497.1000505328939,3078.2974
2026-02-26 13:00:00,505.75055560168244,3159.24
2026-02-26 13:15:00,508.2742426851537,3193.4104
2026-02-26 13:30:00,506.05999010610407,3194.4358
2026-02-26 13:45:00,495.96385818996526,3143.3804
2026-02-26 14:00:00,481.6646332738884,3061.155
2026-02-26 14:15:00,462.5307800671296,2945.6914
2026-02-26 14:30:00,435.2533949987924,2776.0076
2026-02-26 14:45:00,402.1839870222757,2568.0623
2026-02-26 15:00:00,361.7582293491554,2311.259
2026-02-26 15:15:00,318.2109504535722,2034.1715
2026-02-26 15:30:00,273.4341714065135,1747.5328
2026-02-26 15:45:00,228.18111914833187,1459.0936
2026-02-26 16:00:00,181.01972953472233,1157.2156
2026-02-26 16:15:00,134.01353083741188,856.2213
2026-02-26 16:30:00,83.0047788857056,528.97955
2026-02-26 16:45:00,30.492178353328278,191.73325
2026-02-26 17:00:00,0.0,0.0
2026-02-26 17:15:00,0.0,0.0
2026-02-26 17:30:00,0.0,0.0
2026-02-26 17:45:00,0.0,0.0
2026-02-26 18:00:00,0.0,0.0
2026-02-26 18:15:00,0.0,0.0
2026-02-26 18:30:00,0.0,0.0
2026-02-26 18:45:00,0.0,0.0
2026-02-26 19:00:00,0.0,0.0
2026-02-26 19:15:00,0.0,0.0
2026-02-26 19:30:00,0.0,0.0
2026-02-26 19:45:00,0.0,0.014474526
2026-02-26 20:00:00,0.0,0.0
2026-02-26 20:15:00,0.0,1.0692507
2026-02-26 20:30:00,0.0,2.2496836
2026-02-26 20:45:00,0.0,1.4356436
2026-02-26 21:00:00,0.0,1.8455327
2026-02-26 21:15:00,0.0,2.5430071
2026-02-26 21:30:00,0.0,2.5358932
2026-02-26 21:45:00,0.0,2.3969107
2026-02-26 22:00:00,0.0,2.289186
2026-02-26 22:15:00,0.0,1.9297265
2026-02-26 22:30:00,0.0,1.606105
2026-02-26 22:45:00,0.0,1.6934965
2026-02-26 23:00:00,0.0,1.3673586
2026-02-26 23:15:00,0.0,1.3277569
2026-02-26 23:30:00,0.0,1.3418922
2026-02-26 23:45:00,0.0,2.067391
2026-02-27 00:00:00,0.0,0.93298453
2026-02-27 00:15:00,0.0,0.93302065
2026-02-27 00:30:00,0.0,1.6180267
2026-02-27 00:45:00,0.0,1.476908
2026-02-27 01:00:00,0.0,1.798914
2026-02-27 01:15:00,0.0,0.40410998
2026-02-27 01:30:00,0.0,1.2135658
2026-02-27 01:45:00,0.0,0.75423837
2026-02-27 02:00:00,0.0,0.28382418
2026-02-27 02:15:00,0.0,0.14418149
2026-02-27 02:30:00,0.0,0.024033606
2026-02-27 02:45:00,0.0,0.028874626
2026-02-27 03:00:00,0.0,0.39888623
2026-02-27 03:15:00,0.0,0.67754877
2026-02-27 03:30:00,0.0,1.0770665
2026-02-27 03:45:00,0.0,2.2877467
2026-02-27 04:00:00,0.0,2.5882936
2026-02-27 04:15:00,0.0,3.9985657
2026-02-27 04:30:00,0.0,4.7685413
2026-02-27 04:45:00,0.0,5.190295
2026-02-27 05:00:00,0.0,5.839386
2026-02-27 05:15:00,0.0,6.811443
2026-02-27 05:30:00,0.0,6.2764006
2026-02-27 05:45:00,0.0,5.3387594
2026-02-27 06:00:00,0.0,4.0841627
2026-02-27 06:15:00,6.747860959040736,43.506523
2026-02-27 06:30:00,52.42561853847428,330.954
2026-02-27 06:45:00,105.95043192761528,668.1253
2026-02-27 07:00:00,142.64815496223454,895.48755
2026-02-27 07:15:00,175.92638809797435,1092.9001
2026-02-27 07:30:00,209.5095160547617,1292.1807
2026-02-27 07:45:00,242.31059536353618,1483.4166
2026-02-27 08:00:00,274.28409795738105,1663.2278
2026-02-27 08:15:00,304.77860782815344,1834.375
2026-02-27 08:30:00,334.4537899492365,1998.8495
2026-02-27 08:45:00,366.4172597468796,2173.6523
2026-02-27 09:00:00,399.03601571193093,2357.927
2026-02-27 09:15:00,430.7516244369402,2537.6458
2026-02-27 09:30:00,463.115463967016,2721.4849
2026-02-27 09:45:00,494.6006320857641,2907.1174
2026-02-27 10:00:00,527.721232381775,3108.115
2026-02-27 10:15:00,560.543238995277,3312.5771
2026-02-27 10:30:00,588.9714607031738,3494.711
2026-02-27 10:45:00,615.1040454800459,3668.2507
2026-02-27 11:00:00,635.9457861578987,3812.254
2026-02-27 11:15:00,654.5473419175516,3950.6477
2026-02-27 11:30:00,667.9077916762569,4054.4387
2026-02-27 11:45:00,677.5566939908583,4138.751
2026-02-27 12:00:00,681.9954741318895,4196.583
2026-02-27 12:15:00,681.2314405285063,4219.9175
2026-02-27 12:30:00,676.7869371375837,4215.347
2026-02-27 12:45:00,669.6439112252506,4192.0015
2026-02-27 13:00:00,658.2816267154931,4142.0664
2026-02-27 13:15:00,643.2544678164245,4063.082
2026-02-27 13:30:00,620.8981270254394,3934.2463
2026-02-27 13:45:00,595.2192853836998,3782.7656
2026-02-27 14:00:00,565.1966039875384,3599.7664
2026-02-27 14:15:00,529.1771893568131,3375.4448
2026-02-27 14:30:00,489.5828720321721,3126.341
2026-02-27 14:45:00,444.62541875002194,2841.6821
2026-02-27 15:00:00,395.62653826847605,2529.503
2026-02-27 15:15:00,345.31087180743276,2208.179
2026-02-27 15:30:00,293.441078627945,1876.6
2026-02-27 15:45:00,241.41771653095034,1543.5005
2026-02-27 16:00:00,190.65954421756587,1219.5594
2026-02-27 16:15:00,139.53699701937705,890.6801
2026-02-27 16:30:00,88.61784835972657,564.8447
2026-02-27 16:45:00,35.348050712037505,222.761
2026-02-27 17:00:00,0.0,0.0
2026-02-27 17:15:00,0.0,0.0
2026-02-27 17:30:00,0.0,0.0
2026-02-27 17:45:00,0.0,0.0
2026-02-27 18:00:00,0.0,0.0
2026-02-27 18:15:00,0.0,0.0
2026-02-27 18:30:00,0.0,0.0
2026-02-27 18:45:00,0.0,0.0
2026-02-27 19:00:00,0.0,0.0
2026-02-27 19:15:00,0.0,0.0
2026-02-27 19:30:00,0.0,0.0
2026-02-27 19:45:00,0.0,0.0
2026-02-27 20:00:00,0.0,0.38795063
2026-02-27 20:15:00,0.0,1.1766715
2026-02-27 20:30:00,0.0,2.4422364
2026-02-27 20:45:00,0.0,2.9502065
2026-02-27 21:00:00,0.0,3.2398508
2026-02-27 21:15:00,0.0,2.706215
2026-02-27 21:30:00,0.0,3.506809
2026-02-27 21:45:00,0.0,2.2238107
2026-02-27 22:00:00,0.0,1.8402483
2026-02-27 22:15:00,0.0,1.8301607
2026-02-27 22:30:00,0.0,1.7047352
2026-02-27 22:45:00,0.0,1.5313088
2026-02-27 23:00:00,0.0,1.8050691
2026-02-27 23:15:00,0.0,1.9274875
2026-02-27 23:30:00,0.0,1.0585076
2026-02-27 23:45:00,0.0,1.8058344
2026-02-28 00:00:00,0.0,1.9236263
2026-02-28 00:15:00,0.0,2.2827094
2026-02-28 00:30:00,0.0,1.6751564
2026-02-28 00:45:00,0.0,1.4488275
2026-02-28 01:00:00,0.0,1.1557659
2026-02-28 01:15:00,0.0,0.61631787
2026-02-28 01:30:00,0.0,0.37715268
2026-02-28 01:45:00,0.0,0.18117262
2026-02-28 02:00:00,0.0,0.6500851
2026-02-28 02:15:00,0.0,0.40080246
2026-02-28 02:30:00,0.0,0.22225817
2026-02-28 02:45:00,0.0,0.15212765
2026-02-28 03:00:00,0.0,0.3801598
2026-02-28 03:15:00,0.0,0.7486948
2026-02-28 03:30:00,0.0,1.2279677
2026-02-28 03:45:00,0.0,2.0650182
2026-02-28 04:00:00,0.0,2.7276447
2026-02-28 04:15:00,0.0,3.077243
2026-02-28 04:30:00,0.0,4.5048313
2026-02-28 04:45:00,0.0,4.975736
2026-02-28 05:00:00,0.0,5.7019253
2026-02-28 05:15:00,0.0,6.1791997
2026-02-28 05:30:00,0.0,6.2990727
2026-02-28 05:45:00,0.0,5.302097
2026-02-28 06:00:00,0.0,3.1899219
2026-02-28 06:15:00,9.338210091568897,59.79881
2026-02-28 06:30:00,59.11480956441645,374.60965
2026-02-28 06:45:00,111.42970234065693,703.77795
2026-02-28 07:00:00,146.4801430447526,919.3762
2026-02-28 07:15:00,180.87526514733344,1124.8209
2026-02-28 07:30:00,214.53998486855565,1325.3574
2026-02-28 07:45:00,248.36303180295118,1523.1863
2026-02-28 08:00:00,279.72238796896136,1699.124
2026-02-28 08:15:00,309.6499127898345,1866.7345
2026-02-28 08:30:00,337.2077550753339,2017.6522
2026-02-28 08:45:00,360.85902122439825,2138.907
2026-02-28 09:00:00,382.1956575427369,2249.8445
2026-02-28 09:15:00,399.68453484650456,2337.7537
2026-02-28 09:30:00,414.87397311831285,2409.428
2026-02-28 09:45:00,426.23892076638526,2466.567
2026-02-28 10:00:00,435.30401292961756,2512.3574
2026-02-28 10:15:00,442.0621414685603,2548.6575
2026-02-28 10:30:00,444.9976784751513,2566.184
2026-02-28 10:45:00,448.0966622502774,2590.8718
2026-02-28 11:00:00,448.86960558409527,2605.977
2026-02-28 11:15:00,448.2830466185775,2620.7876
2026-02-28 11:30:00,446.86444334924306,2631.2148
2026-02-28 11:45:00,444.6110922450972,2636.1133
2026-02-28 12:00:00,444.97796220710785,2669.0398
2026-02-28 12:15:00,442.03552059282293,2678.2454
2026-02-28 12:30:00,440.2177687254373,2689.1165
2026-02-28 12:45:00,433.5798119052648,2668.993
2026-02-28 13:00:00,428.62866198425564,2660.3823
2026-02-28 13:15:00,419.8346537457828,2622.0122
2026-02-28 13:30:00,408.71962225340803,2565.799
2026-02-28 13:45:00,394.709517242597,2489.6824
2026-02-28 14:00:00,377.3874598552915,2388.0962
2026-02-28 14:15:00,357.1192081138837,2265.4373
2026-02-28 14:30:00,334.4674730600341,2125.6934
2026-02-28 14:45:00,309.40683973968993,1969.4688
2026-02-28 15:00:00,280.2630970189776,1785.4386
2026-02-28 15:15:00,250.22787799684772,1594.9988
2026-02-28 15:30:00,218.56460757803987,1394.6323
2026-02-28 15:45:00,185.91802299580652,1185.3098
2026-02-28 16:00:00,153.22080681858378,976.5711
2026-02-28 16:15:00,120.38004666649078,767.70416
2026-02-28 16:30:00,81.79796364279838,520.585
2026-02-28 16:45:00,35.81019383111243,224.47585
2026-02-28 17:00:00,0.0,0.0
2026-02-28 17:15:00,0.0,0.0
2026-02-28 17:30:00,0.0,0.0
2026-02-28 17:45:00,0.0,0.0
2026-02-28 18:00:00,0.0,0.0
2026-02-28 18:15:00,0.0,0.0
2026-02-28 18:30:00,0.0,0.0
2026-02-28 18:45:00,0.0,0.0
2026-02-28 19:00:00,0.0,0.0
2026-02-28 19:15:00,0.0,0.0
2026-02-28 19:30:00,0.0,0.0
2026-02-28 19:45:00,0.0,0.0
2026-02-28 20:00:00,0.0,0.0
2026-02-28 20:15:00,0.0,1.2934207
2026-02-28 20:30:00,0.0,1.4124612
2026-02-28 20:45:00,0.0,1.4505099
2026-02-28 21:00:00,0.0,2.9520776
2026-02-28 21:15:00,0.0,2.434862
2026-02-28 21:30:00,0.0,2.421639
2026-02-28 21:45:00,0.0,2.3041534
2026-02-28 22:00:00,0.0,2.2458797
2026-02-28 22:15:00,0.0,1.9481299
2026-02-28 22:30:00,0.0,1.7655191
2026-02-28 22:45:00,0.0,1.7688934
2026-02-28 23:00:00,0.0,1.5637279
2026-02-28 23:15:00,0.0,1.649831
2026-02-28 23:30:00,0.0,2.365054
2026-02-28 23:45:00,0.0,2.0608718
2026-03-01 00:00:00,0.0,2.1334283
2026-03-01 00:15:00,0.0,2.1345015
2026-03-01 00:30:00,0.0,1.6264298
2026-03-01 00:45:00,0.0,1.4902201
2026-03-01 01:00:00,0.0,1.2837018
2026-03-01 01:15:00,0.0,0.8279964
2026-03-01 01:30:00,0.0,0.6382126
2026-03-01 01:45:00,0.0,0.4665025
2026-03-01 02:00:00,0.0,0.0
2026-03-01 02:15:00,0.0,0.0
2026-03-01 02:30:00,0.0,0.1353966
2026-03-01 02:45:00,0.0,0.036380626
2026-03-01 03:00:00,0.0,1.1674044
2026-03-01 03:15:00,0.0,0.67528343
2026-03-01 03:30:00,0.0,1.0704184
2026-03-01 03:45:00,0.0,1.1480457
2026-03-01 04:00:00,0.0,2.0250702
2026-03-01 04:15:00,0.0,2.7741592
2026-03-01 04:30:00,0.0,4.1442146
2026-03-01 04:45:00,0.0,5.172907
2026-03-01 05:00:00,0.0,5.8392844
2026-03-01 05:15:00,0.0,6.247017
2026-03-01 05:30:00,0.0,6.3438954
2026-03-01 05:45:00,0.0,5.460947
2026-03-01 06:00:00,0.0,3.4637737
2026-03-01 06:15:00,12.217297383603412,78.747505
2026-03-01 06:30:00,51.05288653384251,323.11722
2026-03-01 06:45:00,89.83597183828297,565.10565
2026-03-01 07:00:00,116.68299605209073,727.382
2026-03-01 07:15:00,144.8185529844499,892.6019
2026-03-01 07:30:00,170.4707972743867,1040.7349
2026-03-01 07:45:00,196.97035323663243,1191.3363
2026-03-01 08:00:00,222.5653751084959,1327.9396
2026-03-01 08:15:00,248.22011063243832,1471.2758
2026-03-01 08:30:00,276.0733646448049,1624.0593
2026-03-01 08:45:00,303.52565181075784,1767.791
2026-03-01 09:00:00,334.5994430574319,1941.6077
2026-03-01 09:15:00,367.7140600808376,2132.048
2026-03-01 09:30:00,402.8615545450574,2332.3372
2026-03-01 09:45:00,437.02231729922346,2535.713
2026-03-01 10:00:00,472.27366337592656,2750.4668
2026-03-01 10:15:00,507.124773976439,2968.3745
2026-03-01 10:30:00,540.5487001799298,3182.3696
2026-03-01 10:45:00,569.589018831573,3374.6687
2026-03-01 11:00:00,593.8401255880813,3540.6719
2026-03-01 11:15:00,612.8069379915729,3681.458
2026-03-01 11:30:00,628.4598957671662,3801.8813
2026-03-01 11:45:00,636.3981281737933,3875.3293
2026-03-01 12:00:00,639.5443910401608,3923.172
2026-03-01 12:15:00,635.94814115384,3927.8203
2026-03-01 12:30:00,628.0726730026962,3901.126
2026-03-01 12:45:00,615.9029442504456,3845.364
2026-03-01 13:00:00,598.9856178173532,3761.3315
2026-03-01 13:15:00,580.2241419145148,3656.5217
2026-03-01 13:30:00,553.6189495975245,3499.508
2026-03-01 13:45:00,524.1105205547814,3324.8604
2026-03-01 14:00:00,490.6773584350068,3119.319
2026-03-01 14:15:00,454.22394170339675,2891.1619
2026-03-01 14:30:00,413.6801345737936,2636.1416
2026-03-01 14:45:00,368.90681373677046,2354.0217
2026-03-01 15:00:00,322.2918415382745,2057.2095
2026-03-01 15:15:00,272.62946705294206,1739.2987
2026-03-01 15:30:00,225.62395105459132,1439.9124
2026-03-01 15:45:00,181.15863681920703,1155.5884
2026-03-01 16:00:00,134.31234740178698,855.691
2026-03-01 16:15:00,94.72503438629656,602.4905
2026-03-01 16:30:00,57.58751914955323,364.6803
2026-03-01 16:45:00,27.056250517338928,169.17355
2026-03-01 17:00:00,2.7245121248479305,13.18889
2026-03-01 17:15:00,0.0,0.0
2026-03-01 17:30:00,0.0,0.0
2026-03-01 17:45:00,0.0,0.0
2026-03-01 18:00:00,0.0,0.0
2026-03-01 18:15:00,0.0,0.0
2026-03-01 18:30:00,0.0,0.0
2026-03-01 18:45:00,0.0,0.0
2026-03-01 19:00:00,0.0,0.0
2026-03-01 19:15:00,0.0,0.0
2026-03-01 19:30:00,0.0,0.0
2026-03-01 19:45:00,0.0,0.0
2026-03-01 20:00:00,0.0,0.0
2026-03-01 20:15:00,0.0,0.0
2026-03-01 20:30:00,0.0,1.1731052
2026-03-01 20:45:00,0.0,1.6973959
2026-03-01 21:00:00,0.0,2.0597954
2026-03-01 21:15:00,0.0,2.703382
2026-03-01 21:30:00,0.0,2.6564429
2026-03-01 21:45:00,0.0,2.4813087
2026-03-01 22:00:00,0.0,2.33392
2026-03-01 22:15:00,0.0,1.9487599
2026-03-01 22:30:00,0.0,1.7787464
2026-03-01 22:45:00,0.0,1.6579076
2026-03-01 23:00:00,0.0,1.2928342
2026-03-01 23:15:00,0.0,1.9185201
2026-03-01 23:30:00,0.0,2.078055
2026-03-01 23:45:00,0.0,1.7976977
2026-03-02 00:00:00,0.0,1.918125
2026-03-02 00:15:00,0.0,1.9885592
2026-03-02 00:30:00,0.0,1.5804884
2026-03-02 00:45:00,0.0,1.5344126
2026-03-02 01:00:00,0.0,1.4138608
2026-03-02 01:15:00,0.0,1.3021747
2026-03-02 01:30:00,0.0,0.39202273
2026-03-02 01:45:00,0.0,0.19274558
2026-03-02 02:00:00,0.0,0.06762939
2026-03-02 02:15:00,0.0,0.03101404
2026-03-02 02:30:00,0.0,0.32054007
2026-03-02 02:45:00,0.0,0.5679839
2026-03-02 03:00:00,0.0,0.6100061
2026-03-02 03:15:00,0.0,0.9844067
2026-03-02 03:30:00,0.0,0.9075194
2026-03-02 03:45:00,0.0,2.7320104
2026-03-02 04:00:00,0.0,2.0219674
2026-03-02 04:15:00,0.0,4.4798675
2026-03-02 04:30:00,0.0,3.850524
2026-03-02 04:45:00,0.0,4.930338
2026-03-02 05:00:00,0.0,5.6670985
2026-03-02 05:15:00,0.0,6.165511
2026-03-02 05:30:00,0.0,5.743727
2026-03-02 05:45:00,0.0,5.6180096
2026-03-02 06:00:00,0.0,3.7347302
2026-03-02 06:15:00,23.294123096339707,150.07442
2026-03-02 06:30:00,76.30513942373129,484.75546
2026-03-02 06:45:00,129.15895701675285,818.69604
2026-03-02 07:00:00,166.566230271358,1049.1853
2026-03-02 07:15:00,204.27908768713806,1275.0437
2026-03-02 07:30:00,238.87429045185382,1480.7163
2026-03-02 07:45:00,274.39179995439224,1691.3141
2026-03-02 08:00:00,309.081328368231,1886.55
2026-03-02 08:15:00,341.3599480981572,2069.1196
2026-03-02 08:30:00,375.32622033224044,2263.305
2026-03-02 08:45:00,410.5129258800002,2457.3594
2026-03-02 09:00:00,445.33980704760666,2655.4072
2026-03-02 09:15:00,482.8244582463344,2873.7231
2026-03-02 09:30:00,519.381949422603,3084.5671
2026-03-02 09:45:00,555.0425131917067,3297.0725
2026-03-02 10:00:00,591.8546841941411,3521.8086
2026-03-02 10:15:00,626.315538442953,3736.7612
2026-03-02 10:30:00,658.4630795537881,3942.7764
2026-03-02 10:45:00,686.3210992324359,4127.358
2026-03-02 11:00:00,710.4442676351953,4293.1836
2026-03-02 11:15:00,731.3158064535221,4445.402
2026-03-02 11:30:00,746.4966573850944,4562.1235
2026-03-02 11:45:00,751.5276100055843,4616.769
2026-03-02 12:00:00,753.2299370432739,4655.316
2026-03-02 12:15:00,748.9914641781426,4657.981
2026-03-02 12:30:00,744.3446416012579,4652.08
2026-03-02 12:45:00,735.7958778102022,4617.7983
2026-03-02 13:00:00,716.3607671609255,4517.5137
2026-03-02 13:15:00,694.7270758307263,4395.821
2026-03-02 13:30:00,667.3239561103309,4234.322
2026-03-02 13:45:00,635.6132207253587,4043.8008
2026-03-02 14:00:00,601.63840118993,3835.1929
2026-03-02 14:15:00,564.8147341889747,3605.4355
2026-03-02 14:30:00,523.5303436652159,3345.523
2026-03-02 14:45:00,478.26435392558756,3058.986
2026-03-02 15:00:00,431.47167103345583,2761.1375
2026-03-02 15:15:00,382.0772290318068,2445.8613
2026-03-02 15:30:00,330.8880082924179,2118.8
2026-03-02 15:45:00,281.08316638170163,1800.1147
2026-03-02 16:00:00,227.14400316275055,1454.5269
2026-03-02 16:15:00,177.5089391477686,1136.5576
2026-03-02 16:30:00,127.62680801960607,816.0206
2026-03-02 16:45:00,62.25742263470023,395.90555
2026-03-02 17:00:00,6.114453740498619,34.87146
2026-03-02 17:15:00,0.0,0.0
2026-03-02 17:30:00,0.0,0.0
2026-03-02 17:45:00,0.0,0.0
2026-03-02 18:00:00,0.0,0.0
2026-03-02 18:15:00,0.0,0.0
2026-03-02 18:30:00,0.0,0.0
2026-03-02 18:45:00,0.0,0.0
2026-03-02 19:00:00,0.0,0.0
2026-03-02 19:15:00,0.0,0.0
2026-03-02 19:30:00,0.0,0.0
2026-03-02 19:45:00,0.0,0.0
2026-03-02 20:00:00,0.0,0.0
2026-03-02 20:15:00,0.0,0.076811045
2026-03-02 20:30:00,0.0,1.3718365
2026-03-02 20:45:00,0.0,1.9454997
2026-03-02 21:00:00,0.0,2.3324454
2026-03-02 21:15:00,0.0,2.970878
2026-03-02 21:30:00,0.0,2.8892689
2026-03-02 21:45:00,0.0,2.3135116
2026-03-02 22:00:00,0.0,2.2644234
2026-03-02 22:15:00,0.0,1.9659399
2026-03-02 22:30:00,0.0,1.6999204
2026-03-02 22:45:00,0.0,1.498391
2026-03-02 23:00:00,0.0,1.060745
2026-03-02 23:15:00,0.0,0.9459866
2026-03-02 23:30:00,0.0,0.90591556
2026-03-02 23:45:00,0.0,1.5994588
2026-03-03 00:00:00,0.0,0.46631366
2026-03-03 00:15:00,0.0,2.1370945
2026-03-03 00:30:00,0.0,2.762191
2026-03-03 00:45:00,0.0,2.5226533
2026-03-03 01:00:00,0.0,1.2984294
2026-03-03 01:15:00,0.0,1.5149986
2026-03-03 01:30:00,0.0,1.1277905
2026-03-03 01:45:00,0.0,0.7495021
2026-03-03 02:00:00,0.0,0.34891933
2026-03-03 02:15:00,0.0,0.27753007
2026-03-03 02:30:00,0.0,0.19881743
2026-03-03 02:45:00,0.0,0.0
2026-03-03 03:00:00,0.0,0.5787174
2026-03-03 03:15:00,0.0,1.0373518
2026-03-03 03:30:00,0.0,1.5912564
2026-03-03 03:45:00,0.0,2.4903064
2026-03-03 04:00:00,0.0,2.7728405
2026-03-03 04:15:00,0.0,4.174418
2026-03-03 04:30:00,0.0,4.9485497
2026-03-03 04:45:00,0.0,5.3730044
2026-03-03 05:00:00,0.0,6.6169786
2026-03-03 05:15:00,0.0,6.2335877
2026-03-03 05:30:00,0.0,6.4601636
2026-03-03 05:45:00,0.0,4.8272886
2026-03-03 06:00:00,0.0,3.6277795
2026-03-03 06:15:00,20.396572303655034,131.76141
2026-03-03 06:30:00,59.77725500013034,378.66455
2026-03-03 06:45:00,94.4677056294082,594.2476
2026-03-03 07:00:00,123.1565814099842,769.8854
2026-03-03 07:15:00,147.82144725253607,911.65576
2026-03-03 07:30:00,173.46906650665875,1059.6519
2026-03-03 07:45:00,198.27621025296872,1199.225
2026-03-03 08:00:00,223.17970185941192,1333.4229
2026-03-03 08:15:00,248.16366784296025,1469.0884
2026-03-03 08:30:00,272.24549592999335,1597.5577
2026-03-03 08:45:00,297.9103476494457,1731.8085
2026-03-03 09:00:00,325.66397864728754,1884.183
2026-03-03 09:15:00,352.9152898011635,2035.1477
2026-03-03 09:30:00,379.24566650958946,2180.1675
2026-03-03 09:45:00,407.6434701044526,2345.9998
2026-03-03 10:00:00,434.6125576912559,2508.033
2026-03-03 10:15:00,460.68624423019514,2668.8137
2026-03-03 10:30:00,485.87819949039147,2829.6934
2026-03-03 10:45:00,508.7226666192163,2981.694
2026-03-03 11:00:00,529.237247898127,3124.029
2026-03-03 11:15:00,545.9589970191613,3249.2896
2026-03-03 11:30:00,560.8883169903066,3364.8406
2026-03-03 11:45:00,573.5340050800284,3468.5037
2026-03-03 12:00:00,581.4569769807042,3548.788
2026-03-03 12:15:00,588.6101261217955,3623.1162
2026-03-03 12:30:00,591.0717268626099,3663.003
2026-03-03 12:45:00,589.307325629302,3674.2478
2026-03-03 13:00:00,585.333971488676,3672.1108
2026-03-03 13:15:00,579.7042568403158,3653.7708
2026-03-03 13:30:00,566.3403519968552,3582.9375
2026-03-03 13:45:00,549.2844049535884,3487.0369
2026-03-03 14:00:00,526.4664013613383,3349.8865
2026-03-03 14:15:00,500.32939392202167,3189.2637
2026-03-03 14:30:00,467.3285292811469,2982.6692
2026-03-03 14:45:00,430.84702330575675,2752.6746
2026-03-03 15:00:00,388.1915719271342,2481.9126
2026-03-03 15:15:00,341.6605718675752,2185.2058
2026-03-03 15:30:00,296.24563141610247,1895.4877
2026-03-03 15:45:00,249.8722911051815,1598.5531
2026-03-03 16:00:00,201.94209511391313,1291.6792
2026-03-03 16:15:00,156.66398346944897,1001.79816
2026-03-03 16:30:00,116.0426673540689,741.5394
2026-03-03 16:45:00,57.36218634900325,364.52878
2026-03-03 17:00:00,9.661051170028568,58.83387
2026-03-03 17:15:00,0.0,0.0
2026-03-03 17:30:00,0.0,0.0
2026-03-03 17:45:00,0.0,0.0
2026-03-03 18:00:00,0.0,0.0
2026-03-03 18:15:00,0.0,0.0
2026-03-03 18:30:00,0.0,0.0
2026-03-03 18:45:00,0.0,0.0
2026-03-03 19:00:00,0.0,0.0
2026-03-03 19:15:00,0.0,0.0
2026-03-03 19:30:00,0.0,0.0
2026-03-03 19:45:00,0.0,0.0
2026-03-03 20:00:00,0.0,0.7961873
2026-03-03 20:15:00,0.0,0.19535016
2026-03-03 20:30:00,0.0,2.9511952
2026-03-03 20:45:00,0.0,1.6694255
2026-03-03 21:00:00,0.0,2.0422552
2026-03-03 21:15:00,0.0,1.6734853
2026-03-03 21:30:00,0.0,2.6635554
2026-03-03 21:45:00,0.0,2.494886
2026-03-03 22:00:00,0.0,1.9836614
2026-03-03 22:15:00,0.0,1.8586832
2026-03-03 22:30:00,0.0,1.6179619
2026-03-03 22:45:00,0.0,1.3362381
2026-03-03 23:00:00,0.0,1.498972
2026-03-03 23:15:00,0.0,2.0912466
2026-03-03 23:30:00,0.0,1.188108
2026-03-03 23:45:00,0.0,1.8557192
2026-03-04 00:00:00,0.0,1.8776677
2026-03-04 00:15:00,0.0,1.8302338
2026-03-04 00:30:00,0.0,1.2756008
2026-03-04 00:45:00,0.0,1.1120341
2026-03-04 01:00:00,0.0,2.3033392
2026-03-04 01:15:00,0.0,1.7300801
2026-03-04 01:30:00,0.0,1.3934407
2026-03-04 01:45:00,0.0,1.0398785
2026-03-04 02:00:00,0.0,0.1505732
2026-03-04 02:15:00,0.0,0.036433607
2026-03-04 02:30:00,0.0,0.009080892
2026-03-04 02:45:00,0.0,0.11207256
2026-03-04 03:00:00,0.0,0.5903686
2026-03-04 03:15:00,0.0,0.9582566
2026-03-04 03:30:00,0.0,1.4280579
2026-03-04 03:45:00,0.0,2.2465289
2026-03-04 04:00:00,0.0,2.894838
2026-03-04 04:15:00,0.0,3.2328832
2026-03-04 04:30:00,0.0,5.1927595
2026-03-04 04:45:00,0.0,5.567816
2026-03-04 05:00:00,0.0,6.175642
2026-03-04 05:15:00,0.0,6.509339
2026-03-04 05:30:00,0.0,6.50396
2026-03-04 05:45:00,0.0,5.520562
2026-03-04 06:00:00,0.0,3.0713801
2026-03-04 06:15:00,36.650064794208,235.99393
2026-03-04 06:30:00,97.49932511505719,622.40894
2026-03-04 06:45:00,148.22662609807904,941.48834
2026-03-04 07:00:00,186.5945894955999,1177.6111
2026-03-04 07:15:00,225.33383879342273,1411.7953
2026-03-04 07:30:00,262.68934012751333,1635.4578
2026-03-04 07:45:00,299.2903800988487,1851.2587
2026-03-04 08:00:00,334.50786960307545,2052.0388
2026-03-04 08:15:00,369.89672132287217,2254.7742
2026-03-04 08:30:00,404.459913766,2450.7944
2026-03-04 08:45:00,438.1825269790453,2636.948
2026-03-04 09:00:00,473.5281503718003,2838.223
2026-03-04 09:15:00,508.9862068993998,3042.0442
2026-03-04 09:30:00,544.1007819762951,3242.7615
2026-03-04 09:45:00,576.3712982035061,3434.7012
2026-03-04 10:00:00,610.2629412110141,3640.5696
2026-03-04 10:15:00,642.3549193894988,3840.2158
2026-03-04 10:30:00,670.1890025700438,4018.4573
2026-03-04 10:45:00,692.3197203207872,4165.5757
2026-03-04 11:00:00,712.2098416373501,4303.7886
2026-03-04 11:15:00,726.4288515867272,4413.89
2026-03-04 11:30:00,733.5140696510638,4479.0176
2026-03-04 11:45:00,734.9362480253897,4508.8726
2026-03-04 12:00:00,730.6877419296334,4510.569
2026-03-04 12:15:00,719.2769869819582,4464.8447
2026-03-04 12:30:00,702.6585060558759,4381.8057
2026-03-04 12:45:00,683.2634277729816,4279.498
2026-03-04 13:00:00,656.6102865065656,4131.0195
2026-03-04 13:15:00,628.1464898085316,3965.4395
2026-03-04 13:30:00,596.8183890845487,3778.792
2026-03-04 13:45:00,562.1422099649104,3569.3252
2026-03-04 14:00:00,526.0378923147762,3346.571
2026-03-04 14:15:00,489.56873558547557,3119.4106
2026-03-04 14:30:00,448.554763098583,2861.2456
2026-03-04 14:45:00,408.6785205834245,2609.6936
2026-03-04 15:00:00,367.2397129021002,2346.22
2026-03-04 15:15:00,324.76750085481297,2075.42
2026-03-04 15:30:00,282.8407850732174,1808.6936
2026-03-04 15:45:00,240.790007840588,1539.0529
2026-03-04 16:00:00,196.74307841131036,1258.3507
2026-03-04 16:15:00,156.6078487117722,1002.56036
2026-03-04 16:30:00,114.91176351033013,735.40173
2026-03-04 16:45:00,61.693817772780235,392.6502
2026-03-04 17:00:00,13.846877078153522,85.951065
2026-03-04 17:15:00,0.0,0.0
2026-03-04 17:30:00,0.0,0.0
2026-03-04 17:45:00,0.0,0.0
2026-03-04 18:00:00,0.0,0.0
2026-03-04 18:15:00,0.0,0.0
2026-03-04 18:30:00,0.0,0.0
2026-03-04 18:45:00,0.0,0.0
2026-03-04 19:00:00,0.0,0.0
2026-03-04 19:15:00,0.0,0.0
2026-03-04 19:30:00,0.0,0.0
2026-03-04 19:45:00,0.0,0.0
2026-03-04 20:00:00,0.0,0.21911253
2026-03-04 20:15:00,0.0,1.4809499
2026-03-04 20:30:00,0.0,1.4818245
2026-03-04 20:45:00,0.0,1.9622055
2026-03-04 21:00:00,0.0,2.3141866
2026-03-04 21:15:00,0.0,2.8665357
2026-03-04 21:30:00,0.0,2.0363507
2026-03-04 21:45:00,0.0,2.0201535
2026-03-04 22:00:00,0.0,2.0658574
2026-03-04 22:15:00,0.0,1.8533062
2026-03-04 22:30:00,0.0,1.8582596
2026-03-04 22:45:00,0.0,1.9092796
2026-03-04 23:00:00,0.0,1.7360389
2026-03-04 23:15:00,0.0,1.8170279
2026-03-04 23:30:00,0.0,1.9325688
2026-03-04 23:45:00,0.0,1.5942986
2026-03-05 00:00:00,0.0,1.6642121
2026-03-05 00:15:00,0.0,1.6861264
2026-03-05 00:30:00,0.0,1.2312192
2026-03-05 00:45:00,0.0,1.1573185
2026-03-05 01:00:00,0.0,0.7867687
2026-03-05 01:15:00,0.0,0.25724292
2026-03-05 01:30:00,0.0,0.049877886
2026-03-05 01:45:00,0.0,0.7719044
2026-03-05 02:00:00,0.0,0.43888953
2026-03-05 02:15:00,0.0,0.2858481
2026-03-05 02:30:00,0.0,0.20053202
2026-03-05 02:45:00,0.0,0.22679655
2026-03-05 03:00:00,0.0,0.59876716
2026-03-05 03:15:00,0.0,0.87599194
2026-03-05 03:30:00,0.0,1.2620778
2026-03-05 03:45:00,0.0,1.7714001
2026-03-05 04:00:00,0.0,2.7273653
2026-03-05 04:15:00,0.0,3.4902644
2026-03-05 04:30:00,0.0,4.2920694
2026-03-05 04:45:00,0.0,5.3266134
2026-03-05 05:00:00,0.0,6.005357
2026-03-05 05:15:00,0.0,6.430203
2026-03-05 05:30:00,0.0,6.55034
2026-03-05 05:45:00,0.0,5.680755
2026-03-05 06:00:00,1.0104335312879376,10.203205
2026-03-05 06:15:00,40.04292098547922,257.9139
2026-03-05 06:30:00,96.96466510688333,618.8059
2026-03-05 06:45:00,141.31894331332083,896.6654
2026-03-05 07:00:00,178.70248177201904,1127.352
2026-03-05 07:15:00,214.6544578797818,1343.6116
2026-03-05 07:30:00,249.83727617734652,1553.2876
2026-03-05 07:45:00,283.6139641641793,1750.8813
2026-03-05 08:00:00,317.5481292812136,1941.3097
2026-03-05 08:15:00,350.09700891373427,2127.7654
2026-03-05 08:30:00,383.31314823724824,2315.061
2026-03-05 08:45:00,417.1563291796771,2500.4846
2026-03-05 09:00:00,452.572352677816,2702.34
2026-03-05 09:15:00,490.56643977156205,2924.2668
2026-03-05 09:30:00,527.1491935145941,3133.813
2026-03-05 09:45:00,562.8491947206142,3346.7603
2026-03-05 10:00:00,600.6212756479807,3578.608
2026-03-05 10:15:00,637.0409330351268,3806.075
2026-03-05 10:30:00,669.2045825616116,4012.1243
2026-03-05 10:45:00,697.63273889369,4200.622
2026-03-05 11:00:00,722.3467493427665,4369.736
2026-03-05 11:15:00,741.4097473340876,4510.711
2026-03-05 11:30:00,756.7918402214186,4629.4272
2026-03-05 11:45:00,763.6159209607818,4694.3784
2026-03-05 12:00:00,766.77188878537,4742.291
2026-03-05 12:15:00,763.327884519166,4749.734
2026-03-05 12:30:00,755.2206184928416,4720.082
2026-03-05 12:45:00,741.9627591573685,4657.316
2026-03-05 13:00:00,724.5153221946064,4569.914
2026-03-05 13:15:00,701.8888619264288,4440.2544
2026-03-05 13:30:00,676.5218049830984,4292.078
2026-03-05 13:45:00,645.4095549914704,4107.569
2026-03-05 14:00:00,611.4978748619444,3898.8835
2026-03-05 14:15:00,573.7803112456097,3662.483
2026-03-05 14:30:00,533.1919660852767,3407.0547
2026-03-05 14:45:00,488.6991341647058,3126.3655
2026-03-05 15:00:00,440.5978476811292,2819.982
2026-03-05 15:15:00,391.4910456491118,2505.67
2026-03-05 15:30:00,342.9482608042197,2196.387
2026-03-05 15:45:00,290.31861273269885,1859.4183
2026-03-05 16:00:00,239.60949819092866,1534.6044
2026-03-05 16:15:00,189.0700141755702,1210.7556
2026-03-05 16:30:00,141.33924587428595,904.0701
2026-03-05 16:45:00,80.39464535162311,513.9393
2026-03-05 17:00:00,20.236765738839075,125.58195
2026-03-05 17:15:00,0.0,0.0
2026-03-05 17:30:00,0.0,0.0
2026-03-05 17:45:00,0.0,0.0
2026-03-05 18:00:00,0.0,0.0
2026-03-05 18:15:00,0.0,0.0
2026-03-05 18:30:00,0.0,0.0
2026-03-05 18:45:00,0.0,0.0
2026-03-05 19:00:00,0.0,0.0
2026-03-05 19:15:00,0.0,0.0
2026-03-05 19:30:00,0.0,0.0
2026-03-05 19:45:00,0.0,0.0
2026-03-05 20:00:00,0.0,0.0
2026-03-05 20:15:00,0.0,0.42771462
2026-03-05 20:30:00,0.0,1.6822385
2026-03-05 20:45:00,0.0,2.2119856
2026-03-05 21:00:00,0.0,2.5520089
2026-03-05 21:15:00,0.0,3.1352284
2026-03-05 21:30:00,0.0,2.548484
2026-03-05 21:45:00,0.0,2.3992314
2026-03-05 22:00:00,0.0,2.3103063
2026-03-05 22:15:00,0.0,1.8657374
2026-03-05 22:30:00,0.0,1.7734667
2026-03-05 22:45:00,0.0,1.7439942
2026-03-05 23:00:00,0.0,1.4985715
2026-03-05 23:15:00,0.0,1.5419228
2026-03-05 23:30:00,0.0,1.647129
2026-03-05 23:45:00,0.0,1.3342142
2026-03-06 00:00:00,0.0,1.4529403
2026-03-06 00:15:00,0.0,1.8355395
2026-03-06 00:30:00,0.0,1.2836027
2026-03-06 00:45:00,0.0,1.1239163
2026-03-06 01:00:00,0.0,0.90932554
2026-03-06 01:15:00,0.0,1.1328875
2026-03-06 01:30:00,0.0,0.30667046
2026-03-06 01:45:00,0.0,0.18693614
2026-03-06 02:00:00,0.0,0.132601
2026-03-06 02:15:00,0.0,0.16154261
2026-03-06 02:30:00,0.0,0.38961107
2026-03-06 02:45:00,0.0,0.10187592
2026-03-06 03:00:00,0.0,0.009906876
2026-03-06 03:15:00,0.0,0.3027292
2026-03-06 03:30:00,0.0,1.3961266
2026-03-06 03:45:00,0.0,1.5310038
2026-03-06 04:00:00,0.0,2.1861494
2026-03-06 04:15:00,0.0,3.1839378
2026-03-06 04:30:00,0.0,3.9998088
2026-03-06 04:45:00,0.0,5.087451
2026-03-06 05:00:00,0.0,5.837671
2026-03-06 05:15:00,0.0,6.500088
2026-03-06 05:30:00,0.0,5.8921094
2026-03-06 05:45:00,0.0,5.6103315
2026-03-06 06:00:00,4.076878847800968,29.873556
2026-03-06 06:15:00,53.36315644331626,344.18716
2026-03-06 06:30:00,118.37433335622458,756.2201
2026-03-06 06:45:00,164.0264369461988,1043.6691
2026-03-06 07:00:00,205.20628958534598,1298.4149
2026-03-06 07:15:00,245.72706971457836,1542.2731
2026-03-06 07:30:00,286.44444397230166,1789.158
2026-03-06 07:45:00,325.7701698609361,2023.3517
2026-03-06 08:00:00,362.76259825059714,2232.4512
2026-03-06 08:15:00,398.41543537358945,2438.2144
2026-03-06 08:30:00,434.7450095107404,2647.779
2026-03-06 08:45:00,471.1993337229893,2849.5657
2026-03-06 09:00:00,508.2770262267312,3062.0774
2026-03-06 09:15:00,544.4909876736506,3270.829
2026-03-06 09:30:00,581.3143519852472,3483.475
2026-03-06 09:45:00,615.3258406500141,3685.4558
2026-03-06 10:00:00,648.9898701126033,3890.025
2026-03-06 10:15:00,681.3385140334092,4091.5066
2026-03-06 10:30:00,710.9302146654979,4281.039
2026-03-06 10:45:00,735.3554347372394,4443.473
2026-03-06 11:00:00,755.6044870614503,4584.319
2026-03-06 11:15:00,771.6897224943737,4705.6963
2026-03-06 11:30:00,782.6477695135011,4795.792
2026-03-06 11:45:00,787.9994676094957,4852.5312
2026-03-06 12:00:00,787.7427264935069,4878.4253
2026-03-06 12:15:00,781.8713735682746,4870.498
2026-03-06 12:30:00,770.8628000965439,4823.4927
2026-03-06 12:45:00,755.6813886286171,4746.344
2026-03-06 13:00:00,735.8128979292994,4643.4146
2026-03-06 13:15:00,712.734788644903,4511.5107
2026-03-06 13:30:00,683.4437785914911,4338.038
2026-03-06 13:45:00,651.8740041825633,4148.6294
2026-03-06 14:00:00,616.5281287621917,3930.7683
2026-03-06 14:15:00,578.34604708546,3692.5532
2026-03-06 14:30:00,535.7701250204502,3424.3008
2026-03-06 14:45:00,490.78237364126346,3139.565
2026-03-06 15:00:00,442.7644109598857,2833.829
2026-03-06 15:15:00,393.14727435847965,2517.1326
2026-03-06 15:30:00,343.04796689303896,2196.7932
2026-03-06 15:45:00,290.4860655067168,1860.2048
2026-03-06 16:00:00,240.52874263149585,1540.2032
2026-03-06 16:15:00,189.26696666216532,1211.6885
2026-03-06 16:30:00,142.41280104412027,911.2138
2026-03-06 16:45:00,84.28545915193592,537.766
2026-03-06 17:00:00,25.810092491496306,161.64796
2026-03-06 17:15:00,0.0,0.0
2026-03-06 17:30:00,0.0,0.0
2026-03-06 17:45:00,0.0,0.0
2026-03-06 18:00:00,0.0,0.0
2026-03-06 18:15:00,0.0,0.0
2026-03-06 18:30:00,0.0,0.0
2026-03-06 18:45:00,0.0,0.0
2026-03-06 19:00:00,0.0,0.0
2026-03-06 19:15:00,0.0,0.0
2026-03-06 19:30:00,0.0,0.0
2026-03-06 19:45:00,0.0,0.0
2026-03-06 20:00:00,0.0,0.25099435
2026-03-06 20:15:00,0.0,0.5476894
2026-03-06 20:30:00,0.0,1.8845886
2026-03-06 20:45:00,0.0,1.9371023
2026-03-06 21:00:00,0.0,2.2632236
2026-03-06 21:15:00,0.0,2.8669558
2026-03-06 21:30:00,0.0,2.7870972
2026-03-06 21:45:00,0.0,2.5811913
2026-03-06 22:00:00,0.0,2.4039366
2026-03-06 22:15:00,0.0,1.9901389
2026-03-06 22:30:00,0.0,1.6092011
2026-03-06 22:45:00,0.0,1.5760508
2026-03-06 23:00:00,0.0,0.75050217
2026-03-06 23:15:00,0.0,1.810692
2026-03-06 23:30:00,0.0,1.9250375
2026-03-06 23:45:00,0.0,2.741256
2026-03-07 00:00:00,0.0,1.660985
2026-03-07 00:15:00,0.0,1.6866497
2026-03-07 00:30:00,0.0,2.3633618
2026-03-07 00:45:00,0.0,2.1851907
2026-03-07 01:00:00,0.0,1.0349146
2026-03-07 01:15:00,0.0,1.347757
2026-03-07 01:30:00,0.0,1.0425987
2026-03-07 01:45:00,0.0,0.1848392
2026-03-07 02:00:00,0.0,0.0
2026-03-07 02:15:00,0.0,0.0
2026-03-07 02:30:00,0.0,0.0
2026-03-07 02:45:00,0.0,0.1966556
2026-03-07 03:00:00,0.0,0.79160005
2026-03-07 03:15:00,0.0,1.2477486
2026-03-07 03:30:00,0.0,0.5682632
2026-03-07 03:45:00,0.0,1.2886592
2026-03-07 04:00:00,0.0,2.9337294
2026-03-07 04:15:00,0.0,2.877748
2026-03-07 04:30:00,0.0,4.2421064
2026-03-07 04:45:00,0.0,4.697701
2026-03-07 05:00:00,0.0,5.968903
2026-03-07 05:15:00,0.0,6.4148197
2026-03-07 05:30:00,0.0,5.933492
2026-03-07 05:45:00,0.0,5.0456085
2026-03-07 06:00:00,3.0852043820032216,23.745932
2026-03-07 06:15:00,23.308149457017286,150.75017
2026-03-07 06:30:00,42.8717216951776,269.8263
2026-03-07 06:45:00,55.444398911074344,342.72818
2026-03-07 07:00:00,66.64294985889667,404.99457
2026-03-07 07:15:00,78.72485883603886,465.63678
2026-03-07 07:30:00,89.35950359216518,516.85913
2026-03-07 07:45:00,103.67300033748941,588.82086
2026-03-07 08:00:00,118.93170188000548,660.78503
2026-03-07 08:15:00,136.69991439031017,749.8267
2026-03-07 08:30:00,159.82087767994994,873.46216
2026-03-07 08:45:00,190.7239942796765,1040.0142
2026-03-07 09:00:00,230.800875071603,1273.261
2026-03-07 09:15:00,279.50913448952906,1562.5193
2026-03-07 09:30:00,333.9190089034418,1888.9573
2026-03-07 09:45:00,393.0807847291178,2252.9253
2026-03-07 10:00:00,461.37926401200536,2680.603
2026-03-07 10:15:00,534.0018004603596,3141.536
2026-03-07 10:30:00,602.7743233381503,3583.605
2026-03-07 10:45:00,664.3833512317752,3985.729
2026-03-07 11:00:00,720.8097773781882,4359.7744
2026-03-07 11:15:00,771.622012481519,4704.9854
2026-03-07 11:30:00,811.0576460799211,4978.629
2026-03-07 11:45:00,836.7127420406255,5166.2085
2026-03-07 12:00:00,849.5608324951844,5277.8086
2026-03-07 12:15:00,851.0402116407157,5315.6504
2026-03-07 12:30:00,844.0366355567107,5294.587
2026-03-07 12:45:00,829.012865345346,5220.4077
2026-03-07 13:00:00,806.421038585499,5098.0176
2026-03-07 13:15:00,776.2279964969753,4921.178
2026-03-07 13:30:00,741.3111443103866,4711.27
2026-03-07 13:45:00,704.1069041867748,4485.3584
2026-03-07 14:00:00,664.6057044513386,4240.2476
2026-03-07 14:15:00,620.7839223818814,3965.7546
2026-03-07 14:30:00,574.0729815350627,3670.9402
2026-03-07 14:45:00,525.925470615946,3366.161
2026-03-07 15:00:00,475.3208376207569,3043.683
2026-03-07 15:15:00,423.16206035731693,2710.5256
2026-03-07 15:30:00,369.34253429934,2366.435
2026-03-07 15:45:00,314.31644604869786,2014.0281
2026-03-07 16:00:00,258.8706012685565,1658.6826
2026-03-07 16:15:00,205.1408530457213,1314.2792
2026-03-07 16:30:00,154.91079399012705,992.0281
2026-03-07 16:45:00,95.65905385966894,611.29785
2026-03-07 17:00:00,32.8537971276064,208.15729
2026-03-07 17:15:00,0.0,0.0
2026-03-07 17:30:00,0.0,0.0
2026-03-07 17:45:00,0.0,0.0
2026-03-07 18:00:00,0.0,0.0
2026-03-07 18:15:00,0.0,0.0
2026-03-07 18:30:00,0.0,0.0
2026-03-07 18:45:00,0.0,0.0
2026-03-07 19:00:00,0.0,0.0
2026-03-07 19:15:00,0.0,0.0
2026-03-07 19:30:00,0.0,0.0
2026-03-07 19:45:00,0.0,0.0
2026-03-07 20:00:00,0.0,0.0
2026-03-07 20:15:00,0.0,0.38311416
2026-03-07 20:30:00,0.0,1.6437339
2026-03-07 20:45:00,0.0,2.1845071
2026-03-07 21:00:00,0.0,2.5366678
2026-03-07 21:15:00,0.0,2.1095831
2026-03-07 21:30:00,0.0,3.0237093
2026-03-07 21:45:00,0.0,2.7604241
2026-03-07 22:00:00,0.0,2.1205401
2026-03-07 22:15:00,0.0,1.8902756
2026-03-07 22:30:00,0.0,1.7074296
2026-03-07 22:45:00,0.0,1.473285
2026-03-07 23:00:00,0.0,1.6679854
2026-03-07 23:15:00,0.0,1.710676
2026-03-07 23:30:00,0.0,1.6393952
2026-03-07 23:45:00,0.0,1.3862082
2026-03-08 00:00:00,0.0,2.6462698
2026-03-08 00:15:00,0.0,2.7376697
2026-03-08 00:30:00,0.0,2.3193767
2026-03-08 00:45:00,0.0,2.2321968
2026-03-08 01:00:00,0.0,1.8036189
2026-03-08 01:15:00,0.0,1.1549278
2026-03-08 01:30:00,0.0,0.7995095
2026-03-08 01:45:00,0.0,0.47203982
2026-03-08 02:00:00,0.0,0.21120307
2026-03-08 02:15:00,0.0,0.16387986
2026-03-08 02:30:00,0.0,0.17823221
2026-03-08 02:45:00,0.0,0.30763286
2026-03-08 03:00:00,0.0,0.79644275
2026-03-08 03:15:00,0.0,1.1623596
2026-03-08 03:30:00,0.0,1.915474
2026-03-08 03:45:00,0.0,2.8716302
2026-03-08 04:00:00,0.0,3.5891807
2026-03-08 04:15:00,0.0,3.9477346
2026-03-08 04:30:00,0.0,5.3384
2026-03-08 04:45:00,0.0,5.718681
2026-03-08 05:00:00,0.0,5.2201433
2026-03-08 05:15:00,0.0,5.7412705
2026-03-08 05:30:00,0.0,5.9774666
2026-03-08 05:45:00,0.0,5.2035
2026-03-08 06:00:00,11.521817309453777,77.22784
2026-03-08 06:15:00,63.697771247308204,410.14743
2026-03-08 06:30:00,125.82946695455283,804.7242
2026-03-08 06:45:00,171.5036367721334,1091.1627
2026-03-08 07:00:00,215.5352938274525,1364.2981
2026-03-08 07:15:00,257.1341590300781,1616.8167
2026-03-08 07:30:00,297.3454502470933,1858.7911
2026-03-08 07:45:00,336.1980006339603,2089.0012
2026-03-08 08:00:00,372.73318099235814,2298.1528
2026-03-08 08:15:00,407.9335592977528,2499.5806
2026-03-08 08:30:00,438.8696836521317,2672.1416
2026-03-08 08:45:00,467.0433988946613,2822.994
2026-03-08 09:00:00,490.52535258482976,2947.8027
2026-03-08 09:15:00,508.8521175169112,3041.1729
2026-03-08 09:30:00,524.4526649994032,3115.5916
2026-03-08 09:45:00,536.3489211656997,3177.1055
2026-03-08 10:00:00,544.0618555674316,3214.0078
2026-03-08 10:15:00,547.5896855683793,3229.2896
2026-03-08 10:30:00,547.3953725723709,3226.5845
2026-03-08 10:45:00,547.793102472472,3233.8198
2026-03-08 11:00:00,544.445275951781,3222.3071
2026-03-08 11:15:00,538.3143320319849,3200.7495
2026-03-08 11:30:00,531.7719534031077,3178.0386
2026-03-08 11:45:00,522.8991541749585,3141.5632
2026-03-08 12:00:00,513.6047656312502,3110.8108
2026-03-08 12:15:00,503.41723657654137,3073.3394
2026-03-08 12:30:00,491.36370286886347,3019.6592
2026-03-08 12:45:00,477.93993910968675,2955.764
2026-03-08 13:00:00,463.62184629168416,2886.709
2026-03-08 13:15:00,446.9563063077884,2797.1138
2026-03-08 13:30:00,428.909807367062,2696.0273
2026-03-08 13:45:00,409.9701418825209,2588.5203
2026-03-08 14:00:00,388.6734152728005,2461.196
2026-03-08 14:15:00,365.9812682792254,2322.7869
2026-03-08 14:30:00,343.3750847952185,2183.2715
2026-03-08 14:45:00,318.3936148103422,2027.3273
2026-03-08 15:00:00,293.513256580883,1871.1448
2026-03-08 15:15:00,267.789670833587,1708.5621
2026-03-08 15:30:00,240.67990096293673,1537.6208
2026-03-08 15:45:00,210.57350699406513,1345.1821
2026-03-08 16:00:00,181.2529684036123,1158.3573
2026-03-08 16:15:00,148.83833995882935,951.76715
2026-03-08 16:30:00,116.60607971934942,745.6364
2026-03-08 16:45:00,75.30672341718777,479.78806
2026-03-08 17:00:00,29.74077764922748,187.90671
2026-03-08 17:15:00,0.0,0.0
2026-03-08 17:30:00,0.0,0.0
2026-03-08 17:45:00,0.0,0.0
2026-03-08 18:00:00,0.0,0.0
2026-03-08 18:15:00,0.0,0.0
2026-03-08 18:30:00,0.0,0.0
2026-03-08 18:45:00,0.0,0.0
2026-03-08 19:00:00,0.0,0.0
2026-03-08 19:15:00,0.0,0.0
2026-03-08 19:30:00,0.0,0.0
2026-03-08 19:45:00,0.0,0.0
2026-03-08 20:00:00,0.0,0.0
2026-03-08 20:15:00,0.0,0.49819311
2026-03-08 20:30:00,0.0,0.61194295
2026-03-08 20:45:00,0.0,1.2075785
2026-03-08 21:00:00,0.0,2.8101418
2026-03-08 21:15:00,0.0,2.373796
2026-03-08 21:30:00,0.0,1.9335122
2026-03-08 21:45:00,0.0,1.9434917
2026-03-08 22:00:00,0.0,2.0478692
2026-03-08 22:15:00,0.0,1.8939687
2026-03-08 22:30:00,0.0,1.7748072
2026-03-08 22:45:00,0.0,1.3160962
2026-03-08 23:00:00,0.0,1.431278
