ds,global_tilted_irradiance
2026-02-23 07:30:00,10.699633346516077
2026-02-23 07:45:00,27.05187180800899
2026-02-23 08:00:00,57.41373777374475
2026-02-23 08:15:00,41.82583883858828
2026-02-23 08:30:00,57.81110199880514
2026-02-23 08:45:00,34.36306661574019
2026-02-23 09:00:00,32.727174026356735
2026-02-23 09:15:00,63.123078250353416
2026-02-23 09:30:00,168.23206227280997
2026-02-23 09:45:00,168.6038222111447
2026-02-23 10:00:00,105.33849711390567
2026-02-23 10:15:00,216.86179823527516
2026-02-23 10:30:00,342.74745349682587
2026-02-23 10:45:00,172.25127447827148
2026-02-23 11:00:00,165.87065537239016
2026-02-23 11:15:00,209.24701240456397
2026-02-23 11:30:00,370.5415131648649
2026-02-23 11:45:00,244.38251278946055
2026-02-23 12:00:00,378.8549724988503
2026-02-23 12:15:00,323.28996456741106
2026-02-23 12:30:00,201.01785483734994
2026-02-23 12:45:00,119.9239309178823
2026-02-23 13:00:00,264.5367894204999
2026-02-23 13:15:00,279.3249063142264
2026-02-23 13:30:00,134.71752584327956
2026-02-23 13:45:00,80.67855323771657
2026-02-23 14:00:00,108.25581683728485
2026-02-23 14:15:00,98.39144766148011
2026-02-23 14:30:00,157.77941931913486
2026-02-23 14:45:00,147.89842993671408
2026-02-23 15:00:00,158.60009308773607
2026-02-23 15:15:00,100.67370726507683
2026-02-23 15:30:00,73.65524739620385
2026-02-23 15:45:00,67.165554813022
2026-02-23 16:00:00,42.79853338606431
2026-02-23 16:15:00,35.98967536842939
2026-02-23 16:30:00,16.535797770349287
2026-02-23 16:45:00,2.918081735079447
2026-02-23 17:00:00,0.0
2026-02-23 17:15:00,0.0
2026-02-23 17:30:00,0.0
2026-02-23 17:45:00,0.0
2026-02-23 18:00:00,0.0
2026-02-23 18:15:00,0.0
2026-02-23 18:30:00,0.0
2026-02-23 18:45:00,0.0
2026-02-23 19:00:00,0.0
2026-02-23 19:15:00,0.0
2026-02-23 19:30:00,0.0
2026-02-23 19:45:00,0.0
2026-02-23 20:00:00,0.0
2026-02-23 20:15:00,0.0
2026-02-23 20:30:00,0.0
2026-02-23 20:45:00,0.0
2026-02-23 21:00:00,0.0
2026-02-23 21:15:00,0.0
2026-02-23 21:30:00,0.0
2026-02-23 21:45:00,0.0
2026-02-23 22:00:00,0.0
2026-02-23 22:15:00,0.0
2026-02-23 22:30:00,0.0
2026-02-23 22:45:00,0.0
2026-02-23 23:00:00,0.0
2026-02-23 23:15:00,0.0
2026-02-23 23:30:00,0.0
2026-02-23 23:45:00,0.0
2026-02-24 00:00:00,0.0
2026-02-24 00:15:00,0.0
2026-02-24 00:30:00,0.0
2026-02-24 00:45:00,0.0
2026-02-24 01:00:00,0.0
2026-02-24 01:15:00,0.0
2026-02-24 01:30:00,0.0
2026-02-24 01:45:00,0.0
2026-02-24 02:00:00,0.0
2026-02-24 02:15:00,0.0
2026-02-24 02:30:00,0.0
2026-02-24 02:45:00,0.0
2026-02-24 03:00:00,0.0
2026-02-24 03:15:00,0.0
2026-02-24 03:30:00,0.0
2026-02-24 03:45:00,0.0
2026-02-24 04:00:00,0.0
2026-02-24 04:15:00,0.0
2026-02-24 04:30:00,0.0
2026-02-24 04:45:00,0.0
2026-02-24 05:00:00,0.0
2026-02-24 05:15:00,0.0
2026-02-24 05:30:00,0.0
2026-02-24 05:45:00,0.0
2026-02-24 06:00:00,0.0
2026-02-24 06:15:00,0.0
2026-02-24 06:30:00,3.8907758057183153
2026-02-24 06:45:00,10.699633346516077
2026-02-24 07:00:00,19.453879505428734
2026-02-24 07:15:00,30.153511898270494
2026-02-24 07:30:00,45.71661702849239
2026-02-24 07:45:00,46.68930776127115
2026-02-24 08:00:00,65.5657084845612
2026-02-24 08:15:00,71.57358890135325
2026-02-24 08:30:00,86.93353176583122
2026-02-24 08:45:00,77.71331238115746
2026-02-24 09:00:00,81.60663989820844
2026-02-24 09:15:00,104.40447047997867
2026-02-24 09:30:00,122.43375133763392
2026-02-24 09:45:00,85.20849243952233
2026-02-24 10:00:00,141.04061783128947
2026-02-24 10:15:00,185.8495805863041
2026-02-24 10:30:00,236.7382960882905
2026-02-24 10:45:00,226.0527312465602
2026-02-24 11:00:00,192.3162215589411
2026-02-24 11:15:00,217.46935346775456
2026-02-24 11:30:00,226.48644020685143
2026-02-24 11:45:00,229.92209214805695
2026-02-24 12:00:00,213.88254926891898
2026-02-24 12:15:00,191.04190325977072
2026-02-24 12:30:00,145.07286735550215
2026-02-24 12:45:00,101.74163897956156
2026-02-24 13:00:00,105.05095009225462
2026-02-24 13:15:00,119.92577355928361
2026-02-24 13:30:00,134.09417382950505
2026-02-24 13:45:00,111.32691828005069
2026-02-24 14:00:00,186.85123546712188
2026-02-24 14:15:00,133.3167151198733
2026-02-24 14:30:00,84.40318638713255
2026-02-24 14:45:00,120.18438756464144
2026-02-24 15:00:00,108.08641567165542
2026-02-24 15:15:00,125.67202358834956
2026-02-24 15:30:00,98.65681193653899
2026-02-24 15:45:00,77.637042726959
2026-02-24 16:00:00,44.31373479439191
2026-02-24 16:15:00,28.072960276923467
2026-02-24 16:30:00,13.617715081595524
2026-02-24 16:45:00,3.8907758057183153
2026-02-24 17:00:00,0.0
2026-02-24 17:15:00,0.0
2026-02-24 17:30:00,0.0
2026-02-24 17:45:00,0.0
2026-02-24 18:00:00,0.0
2026-02-24 18:15:00,0.0
2026-02-24 18:30:00,0.0
2026-02-24 18:45:00,0.0
2026-02-24 19:00:00,0.0
2026-02-24 19:15:00,0.0
2026-02-24 19:30:00,0.0
2026-02-24 19:45:00,0.0
2026-02-24 20:00:00,0.0
2026-02-24 20:15:00,0.0
2026-02-24 20:30:00,0.0
2026-02-24 20:45:00,0.0
2026-02-24 21:00:00,0.0
2026-02-24 21:15:00,0.0
2026-02-24 21:30:00,0.0
2026-02-24 21:45:00,0.0
2026-02-24 22:00:00,0.0
2026-02-24 22:15:00,0.0
2026-02-24 22:30:00,0.0
2026-02-24 22:45:00,0.0
2026-02-24 23:00:00,0.0
2026-02-24 23:15:00,0.0
2026-02-24 23:30:00,0.0
2026-02-24 23:45:00,0.0
2026-02-25 00:00:00,0.0
2026-02-25 00:15:00,0.0
2026-02-25 00:30:00,0.0
2026-02-25 00:45:00,0.0
2026-02-25 01:00:00,0.0
2026-02-25 01:15:00,0.0
2026-02-25 01:30:00,0.0
2026-02-25 01:45:00,0.0
2026-02-25 02:00:00,0.0
2026-02-25 02:15:00,0.0
2026-02-25 02:30:00,0.0
2026-02-25 02:45:00,0.0
2026-02-25 03:00:00,0.0
2026-02-25 03:15:00,0.0
2026-02-25 03:30:00,0.0
2026-02-25 03:45:00,0.0
2026-02-25 04:00:00,0.0
2026-02-25 04:15:00,0.0
2026-02-25 04:30:00,0.0
2026-02-25 04:45:00,0.0
2026-02-25 05:00:00,0.0
2026-02-25 05:15:00,0.0
2026-02-25 05:30:00,0.0
2026-02-25 05:45:00,0.0
2026-02-25 06:00:00,0.0
2026-02-25 06:15:00,0.0
2026-02-25 06:30:00,14.67430334583327
2026-02-25 06:45:00,36.368653176440475
2026-02-25 07:00:00,61.39522333430732
2026-02-25 07:15:00,88.95077388352033
2026-02-25 07:30:00,120.2959853177168
2026-02-25 07:45:00,146.65887447935972
2026-02-25 08:00:00,165.2548895746956
2026-02-25 08:15:00,179.80523571113116
2026-02-25 08:30:00,192.00936269421848
2026-02-25 08:45:00,206.0088266743715
2026-02-25 09:00:00,213.83405685983467
2026-02-25 09:15:00,222.4408702376981
2026-02-25 09:30:00,235.44240562487508
2026-02-25 09:45:00,260.85092825383305
2026-02-25 10:00:00,301.2002340105273
2026-02-25 10:15:00,351.2059812989397
2026-02-25 10:30:00,396.10435709565394
2026-02-25 10:45:00,430.8427246713219
2026-02-25 11:00:00,457.5967391796446
2026-02-25 11:15:00,477.94900387827744
2026-02-25 11:30:00,493.8797591543224
2026-02-25 11:45:00,503.4671960612762
2026-02-25 12:00:00,506.164207893784
2026-02-25 12:15:00,504.4710339007164
2026-02-25 12:30:00,497.4047965391512
2026-02-25 12:45:00,489.00442561914673
2026-02-25 13:00:00,478.1159522104509
2026-02-25 13:15:00,460.80415149697546
2026-02-25 13:30:00,442.08873774971795
2026-02-25 13:45:00,420.00383112500043
2026-02-25 14:00:00,392.9295054145105
2026-02-25 14:15:00,361.75044307447257
2026-02-25 14:30:00,330.57941214729294
2026-02-25 14:45:00,295.09604328393675
2026-02-25 15:00:00,258.6954522613346
2026-02-25 15:15:00,220.9133658259513
2026-02-25 15:30:00,183.28981285252976
2026-02-25 15:45:00,142.69669302887505
2026-02-25 16:00:00,102.58586631814094
2026-02-25 16:15:00,66.42173826040369
2026-02-25 16:30:00,34.95124782527169
2026-02-25 16:45:00,11.23923026599098
2026-02-25 17:00:00,0.0
2026-02-25 17:15:00,0.0
2026-02-25 17:30:00,0.0
2026-02-25 17:45:00,0.0
2026-02-25 18:00:00,0.0
2026-02-25 18:15:00,0.0
2026-02-25 18:30:00,0.0
2026-02-25 18:45:00,0.0
2026-02-25 19:00:00,0.0
2026-02-25 19:15:00,0.0
2026-02-25 19:30:00,0.0
2026-02-25 19:45:00,0.0
2026-02-25 20:00:00,0.0
2026-02-25 20:15:00,0.0
2026-02-25 20:30:00,0.0
2026-02-25 20:45:00,0.0
2026-02-25 21:00:00,0.0
2026-02-25 21:15:00,0.0
2026-02-25 21:30:00,0.0
2026-02-25 21:45:00,0.0
2026-02-25 22:00:00,0.0
2026-02-25 22:15:00,0.0
2026-02-25 22:30:00,0.0
2026-02-25 22:45:00,0.0
2026-02-25 23:00:00,0.0
2026-02-25 23:15:00,0.0
2026-02-25 23:30:00,0.0
2026-02-25 23:45:00,0.0
2026-02-26 00:00:00,0.0
2026-02-26 00:15:00,0.0
2026-02-26 00:30:00,0.0
2026-02-26 00:45:00,0.0
2026-02-26 01:00:00,0.0
2026-02-26 01:15:00,0.0
2026-02-26 01:30:00,0.0
2026-02-26 01:45:00,0.0
2026-02-26 02:00:00,0.0
2026-02-26 02:15:00,0.0
2026-02-26 02:30:00,0.0
2026-02-26 02:45:00,0.0
2026-02-26 03:00:00,0.0
2026-02-26 03:15:00,0.0
2026-02-26 03:30:00,0.0
2026-02-26 03:45:00,0.0
2026-02-26 04:00:00,0.0
2026-02-26 04:15:00,0.0
2026-02-26 04:30:00,0.0
2026-02-26 04:45:00,0.0
2026-02-26 05:00:00,0.0
2026-02-26 05:15:00,0.0
2026-02-26 05:30:00,0.0
2026-02-26 05:45:00,0.0
2026-02-26 06:00:00,0.0
2026-02-26 06:15:00,0.9726939514295788
2026-02-26 06:30:00,7.7815516114366305
2026-02-26 06:45:00,16.535797770349287
2026-02-26 07:00:00,23.344653880635576
2026-02-26 07:15:00,32.95626763208801
2026-02-26 07:30:00,41.4210898179622
2026-02-26 07:45:00,49.087956621047745
2026-02-26 08:00:00,55.816158936327724
2026-02-26 08:15:00,61.92272610255432
2026-02-26 08:30:00,72.24772331505383
2026-02-26 08:45:00,85.6945565240527
2026-02-26 09:00:00,105.10889841193554
2026-02-26 09:15:00,130.0549862697162
2026-02-26 09:30:00,156.42729981500761
2026-02-26 09:45:00,186.18932641945923
2026-02-26 10:00:00,218.94432365160105
2026-02-26 10:15:00,254.145695620647
2026-02-26 10:30:00,288.3494126279412
2026-02-26 10:45:00,322.13610335593114
2026-02-26 11:00:00,354.01257679239086
2026-02-26 11:15:00,384.0101698484883
2026-02-26 11:30:00,410.2155170035378
2026-02-26 11:45:00,435.1563323538322
2026-02-26 12:00:00,455.9579230683737
2026-02-26 12:15:00,473.5110006441206
2026-02-26 12:30:00,486.88507671396553
2026-02-26 12:45:00,497.1000505328939
2026-02-26 13:00:00,505.75055560168244
2026-02-26 13:15:00,508.2742426851537
2026-02-26 13:30:00,506.05999010610407
2026-02-26 13:45:00,495.96385818996526
2026-02-26 14:00:00,481.6646332738884
2026-02-26 14:15:00,462.5307800671296
2026-02-26 14:30:00,435.2533949987924
2026-02-26 14:45:00,402.1839870222757
2026-02-26 15:00:00,361.7582293491554
2026-02-26 15:15:00,318.2109504535722
2026-02-26 15:30:00,273.4341714065135
2026-02-26 15:45:00,228.18111914833187
2026-02-26 16:00:00,181.01972953472233
2026-02-26 16:15:00,134.01353083741188
2026-02-26 16:30:00,83.0047788857056
2026-02-26 16:45:00,30.492178353328278
2026-02-26 17:00:00,0.0
2026-02-26 17:15:00,0.0
2026-02-26 17:30:00,0.0
2026-02-26 17:45:00,0.0
2026-02-26 18:00:00,0.0
2026-02-26 18:15:00,0.0
2026-02-26 18:30:00,0.0
2026-02-26 18:45:00,0.0
2026-02-26 19:00:00,0.0
2026-02-26 19:15:00,0.0
2026-02-26 19:30:00,0.0
2026-02-26 19:45:00,0.0
2026-02-26 20:00:00,0.0
2026-02-26 20:15:00,0.0
2026-02-26 20:30:00,0.0
2026-02-26 20:45:00,0.0
2026-02-26 21:00:00,0.0
2026-02-26 21:15:00,0.0
2026-02-26 21:30:00,0.0
2026-02-26 21:45:00,0.0
2026-02-26 22:00:00,0.0
2026-02-26 22:15:00,0.0
2026-02-26 22:30:00,0.0
2026-02-26 22:45:00,0.0
2026-02-26 23:00:00,0.0
2026-02-26 23:15:00,0.0
2026-02-26 23:30:00,0.0
2026-02-26 23:45:00,0.0
2026-02-27 00:00:00,0.0
2026-02-27 00:15:00,0.0
2026-02-27 00:30:00,0.0
2026-02-27 00:45:00,0.0
2026-02-27 01:00:00,0.0
2026-02-27 01:15:00,0.0
2026-02-27 01:30:00,0.0
2026-02-27 01:45:00,0.0
2026-02-27 02:00:00,0.0
2026-02-27 02:15:00,0.0
2026-02-27 02:30:00,0.0
2026-02-27 02:45:00,0.0
2026-02-27 03:00:00,0.0
2026-02-27 03:15:00,0.0
2026-02-27 03:30:00,0.0
2026-02-27 03:45:00,0.0
2026-02-27 04:00:00,0.0
2026-02-27 04:15:00,0.0
2026-02-27 04:30:00,0.0
2026-02-27 04:45:00,0.0
2026-02-27 05:00:00,0.0
2026-02-27 05:15:00,0.0
2026-02-27 05:30:00,0.0
2026-02-27 05:45:00,0.0
2026-02-27 06:00:00,0.0
2026-02-27 06:15:00,6.747860959040736
2026-02-27 06:30:00,52.42561853847428
2026-02-27 06:45:00,105.95043192761528
2026-02-27 07:00:00,142.64815496223454
2026-02-27 07:15:00,175.92638809797435
2026-02-27 07:30:00,209.5095160547617
2026-02-27 07:45:00,242.31059536353618
2026-02-27 08:00:00,274.28409795738105
2026-02-27 08:15:00,304.77860782815344
2026-02-27 08:30:00,334.4537899492365
2026-02-27 08:45:00,366.4172597468796
2026-02-27 09:00:00,399.03601571193093
2026-02-27 09:15:00,430.7516244369402
2026-02-27 09:30:00,463.115463967016
2026-02-27 09:45:00,494.6006320857641
2026-02-27 10:00:00,527.721232381775
2026-02-27 10:15:00,560.543238995277
2026-02-27 10:30:00,588.9714607031738
2026-02-27 10:45:00,615.1040454800459
2026-02-27 11:00:00,635.9457861578987
2026-02-27 11:15:00,654.5473419175516
2026-02-27 11:30:00,667.9077916762569
2026-02-27 11:45:00,677.5566939908583
2026-02-27 12:00:00,681.9954741318895
2026-02-27 12:15:00,681.2314405285063
2026-02-27 12:30:00,676.7869371375837
2026-02-27 12:45:00,669.6439112252506
2026-02-27 13:00:00,658.2816267154931
2026-02-27 13:15:00,643.2544678164245
2026-02-27 13:30:00,620.8981270254394
2026-02-27 13:45:00,595.2192853836998
2026-02-27 14:00:00,565.1966039875384
2026-02-27 14:15:00,529.1771893568131
2026-02-27 14:30:00,489.5828720321721
2026-02-27 14:45:00,444.62541875002194
2026-02-27 15:00:00,395.62653826847605
2026-02-27 15:15:00,345.31087180743276
2026-02-27 15:30:00,293.441078627945
2026-02-27 15:45:00,241.41771653095034
2026-02-27 16:00:00,190.65954421756587
2026-02-27 16:15:00,139.53699701937705
2026-02-27 16:30:00,88.61784835972657
2026-02-27 16:45:00,35.348050712037505
2026-02-27 17:00:00,0.0
2026-02-27 17:15:00,0.0
2026-02-27 17:30:00,0.0
2026-02-27 17:45:00,0.0
2026-02-27 18:00:00,0.0
2026-02-27 18:15:00,0.0
2026-02-27 18:30:00,0.0
2026-02-27 18:45:00,0.0
2026-02-27 19:00:00,0.0
2026-02-27 19:15:00,0.0
2026-02-27 19:30:00,0.0
2026-02-27 19:45:00,0.0
2026-02-27 20:00:00,0.0
2026-02-27 20:15:00,0.0
2026-02-27 20:30:00,0.0
2026-02-27 20:45:00,0.0
2026-02-27 21:00:00,0.0
2026-02-27 21:15:00,0.0
2026-02-27 21:30:00,0.0
2026-02-27 21:45:00,0.0
2026-02-27 22:00:00,0.0
2026-02-27 22:15:00,0.0
2026-02-27 22:30:00,0.0
2026-02-27 22:45:00,0.0
2026-02-27 23:00:00,0.0
2026-02-27 23:15:00,0.0
2026-02-27 23:30:00,0.0
2026-02-27 23:45:00,0.0
2026-02-28 00:00:00,0.0
2026-02-28 00:15:00,0.0
2026-02-28 00:30:00,0.0
2026-02-28 00:45:00,0.0
2026-02-28 01:00:00,0.0
2026-02-28 01:15:00,0.0
2026-02-28 01:30:00,0.0
2026-02-28 01:45:00,0.0
2026-02-28 02:00:00,0.0
2026-02-28 02:15:00,0.0
2026-02-28 02:30:00,0.0
2026-02-28 02:45:00,0.0
2026-02-28 03:00:00,0.0
2026-02-28 03:15:00,0.0
2026-02-28 03:30:00,0.0
2026-02-28 03:45:00,0.0
2026-02-28 04:00:00,0.0
2026-02-28 04:15:00,0.0
2026-02-28 04:30:00,0.0
2026-02-28 04:45:00,0.0
2026-02-28 05:00:00,0.0
2026-02-28 05:15:00,0.0
2026-02-28 05:30:00,0.0
2026-02-28 05:45:00,0.0
2026-02-28 06:00:00,0.0
2026-02-28 06:15:00,9.338210091568897
2026-02-28 06:30:00,59.11480956441645
2026-02-28 06:45:00,111.42970234065693
2026-02-28 07:00:00,146.4801430447526
2026-02-28 07:15:00,180.87526514733344
2026-02-28 07:30:00,214.53998486855565
2026-02-28 07:45:00,248.36303180295118
2026-02-28 08:00:00,279.72238796896136
2026-02-28 08:15:00,309.6499127898345
2026-02-28 08:30:00,337.2077550753339
2026-02-28 08:45:00,360.85902122439825
2026-02-28 09:00:00,382.1956575427369
2026-02-28 09:15:00,399.68453484650456
2026-02-28 09:30:00,414.87397311831285
2026-02-28 09:45:00,426.23892076638526
2026-02-28 10:00:00,435.30401292961756
2026-02-28 10:15:00,442.0621414685603
2026-02-28 10:30:00,444.9976784751513
2026-02-28 10:45:00,448.0966622502774
2026-02-28 11:00:00,448.86960558409527
2026-02-28 11:15:00,448.2830466185775
2026-02-28 11:30:00,446.86444334924306
2026-02-28 11:45:00,444.6110922450972
2026-02-28 12:00:00,444.97796220710785
2026-02-28 12:15:00,442.03552059282293
2026-02-28 12:30:00,440.2177687254373
2026-02-28 12:45:00,433.5798119052648
2026-02-28 13:00:00,428.62866198425564
2026-02-28 13:15:00,419.8346537457828
2026-02-28 13:30:00,408.71962225340803
2026-02-28 13:45:00,394.709517242597
2026-02-28 14:00:00,377.3874598552915
2026-02-28 14:15:00,357.1192081138837
2026-02-28 14:30:00,334.4674730600341
2026-02-28 14:45:00,309.40683973968993
2026-02-28 15:00:00,280.2630970189776
2026-02-28 15:15:00,250.22787799684772
2026-02-28 15:30:00,218.56460757803987
2026-02-28 15:45:00,185.91802299580652
2026-02-28 16:00:00,153.22080681858378
2026-02-28 16:15:00,120.38004666649078
2026-02-28 16:30:00,81.79796364279838
2026-02-28 16:45:00,35.81019383111243
2026-02-28 17:00:00,0.0
2026-02-28 17:15:00,0.0
2026-02-28 17:30:00,0.0
2026-02-28 17:45:00,0.0
2026-02-28 18:00:00,0.0
2026-02-28 18:15:00,0.0
2026-02-28 18:30:00,0.0
2026-02-28 18:45:00,0.0
2026-02-28 19:00:00,0.0
2026-02-28 19:15:00,0.0
2026-02-28 19:30:00,0.0
2026-02-28 19:45:00,0.0
2026-02-28 20:00:00,0.0
2026-02-28 20:15:00,0.0
2026-02-28 20:30:00,0.0
2026-02-28 20:45:00,0.0
2026-02-28 21:00:00,0.0
2026-02-28 21:15:00,0.0
2026-02-28 21:30:00,0.0
2026-02-28 21:45:00,0.0
2026-02-28 22:00:00,0.0
2026-02-28 22:15:00,0.0
2026-02-28 22:30:00,0.0
2026-02-28 22:45:00,0.0
2026-02-28 23:00:00,0.0
2026-02-28 23:15:00,0.0
2026-02-28 23:30:00,0.0
2026-02-28 23:45:00,0.0
2026-03-01 00:00:00,0.0
2026-03-01 00:15:00,0.0
2026-03-01 00:30:00,0.0
2026-03-01 00:45:00,0.0
2026-03-01 01:00:00,0.0
2026-03-01 01:15:00,0.0
2026-03-01 01:30:00,0.0
2026-03-01 01:45:00,0.0
2026-03-01 02:00:00,0.0
2026-03-01 02:15:00,0.0
2026-03-01 02:30:00,0.0
2026-03-01 02:45:00,0.0
2026-03-01 03:00:00,0.0
2026-03-01 03:15:00,0.0
2026-03-01 03:30:00,0.0
2026-03-01 03:45:00,0.0
2026-03-01 04:00:00,0.0
2026-03-01 04:15:00,0.0
2026-03-01 04:30:00,0.0
2026-03-01 04:45:00,0.0
2026-03-01 05:00:00,0.0
2026-03-01 05:15:00,0.0
2026-03-01 05:30:00,0.0
2026-03-01 05:45:00,0.0
2026-03-01 06:00:00,0.0
2026-03-01 06:15:00,12.217297383603412
2026-03-01 06:30:00,51.05288653384251
2026-03-01 06:45:00,89.83597183828297
2026-03-01 07:00:00,116.68299605209073
2026-03-01 07:15:00,144.8185529844499
2026-03-01 07:30:00,170.4707972743867
2026-03-01 07:45:00,196.97035323663243
2026-03-01 08:00:00,222.5653751084959
2026-03-01 08:15:00,248.22011063243832
2026-03-01 08:30:00,276.0733646448049
2026-03-01 08:45:00,303.52565181075784
2026-03-01 09:00:00,334.5994430574319
2026-03-01 09:15:00,367.7140600808376
2026-03-01 09:30:00,402.8615545450574
2026-03-01 09:45:00,437.02231729922346
2026-03-01 10:00:00,472.27366337592656
2026-03-01 10:15:00,507.124773976439
2026-03-01 10:30:00,540.5487001799298
2026-03-01 10:45:00,569.589018831573
2026-03-01 11:00:00,593.8401255880813
2026-03-01 11:15:00,612.8069379915729
2026-03-01 11:30:00,628.4598957671662
2026-03-01 11:45:00,636.3981281737933
2026-03-01 12:00:00,639.5443910401608
2026-03-01 12:15:00,635.94814115384
2026-03-01 12:30:00,628.0726730026962
2026-03-01 12:45:00,615.9029442504456
2026-03-01 13:00:00,598.9856178173532
2026-03-01 13:15:00,580.2241419145148
2026-03-01 13:30:00,553.6189495975245
2026-03-01 13:45:00,524.1105205547814
2026-03-01 14:00:00,490.6773584350068
2026-03-01 14:15:00,454.22394170339675
2026-03-01 14:30:00,413.6801345737936
2026-03-01 14:45:00,368.90681373677046
2026-03-01 15:00:00,322.2918415382745
2026-03-01 15:15:00,272.62946705294206
2026-03-01 15:30:00,225.62395105459132
2026-03-01 15:45:00,181.15863681920703
2026-03-01 16:00:00,134.31234740178698
2026-03-01 16:15:00,94.72503438629656
2026-03-01 16:30:00,57.58751914955323
2026-03-01 16:45:00,27.056250517338928
2026-03-01 17:00:00,2.7245121248479305
2026-03-01 17:15:00,0.0
2026-03-01 17:30:00,0.0
2026-03-01 17:45:00,0.0
2026-03-01 18:00:00,0.0
2026-03-01 18:15:00,0.0
2026-03-01 18:30:00,0.0
2026-03-01 18:45:00,0.0
2026-03-01 19:00:00,0.0
2026-03-01 19:15:00,0.0
2026-03-01 19:30:00,0.0
2026-03-01 19:45:00,0.0
2026-03-01 20:00:00,0.0
2026-03-01 20:15:00,0.0
2026-03-01 20:30:00,0.0
2026-03-01 20:45:00,0.0
2026-03-01 21:00:00,0.0
2026-03-01 21:15:00,0.0
2026-03-01 21:30:00,0.0
2026-03-01 21:45:00,0.0
2026-03-01 22:00:00,0.0
2026-03-01 22:15:00,0.0
2026-03-01 22:30:00,0.0
2026-03-01 22:45:00,0.0
2026-03-01 23:00:00,0.0
2026-03-01 23:15:00,0.0
2026-03-01 23:30:00,0.0
2026-03-01 23:45:00,0.0
2026-03-02 00:00:00,0.0
2026-03-02 00:15:00,0.0
2026-03-02 00:30:00,0.0
2026-03-02 00:45:00,0.0
2026-03-02 01:00:00,0.0
2026-03-02 01:15:00,0.0
2026-03-02 01:30:00,0.0
2026-03-02 01:45:00,0.0
2026-03-02 02:00:00,0.0
2026-03-02 02:15:00,0.0
2026-03-02 02:30:00,0.0
2026-03-02 02:45:00,0.0
2026-03-02 03:00:00,0.0
2026-03-02 03:15:00,0.0
2026-03-02 03:30:00,0.0
2026-03-02 03:45:00,0.0
2026-03-02 04:00:00,0.0
2026-03-02 04:15:00,0.0
2026-03-02 04:30:00,0.0
2026-03-02 04:45:00,0.0
2026-03-02 05:00:00,0.0
2026-03-02 05:15:00,0.0
2026-03-02 05:30:00,0.0
2026-03-02 05:45:00,0.0
2026-03-02 06:00:00,0.0
2026-03-02 06:15:00,23.294123096339707
2026-03-02 06:30:00,76.30513942373129
2026-03-02 06:45:00,129.15895701675285
2026-03-02 07:00:00,166.566230271358
2026-03-02 07:15:00,204.27908768713806
2026-03-02 07:30:00,238.87429045185382
2026-03-02 07:45:00,274.39179995439224
2026-03-02 08:00:00,309.081328368231
2026-03-02 08:15:00,341.3599480981572
2026-03-02 08:30:00,375.32622033224044
2026-03-02 08:45:00,410.5129258800002
2026-03-02 09:00:00,445.33980704760666
2026-03-02 09:15:00,482.8244582463344
2026-03-02 09:30:00,519.381949422603
2026-03-02 09:45:00,555.0425131917067
2026-03-02 10:00:00,591.8546841941411
2026-03-02 10:15:00,626.315538442953
2026-03-02 10:30:00,658.4630795537881
2026-03-02 10:45:00,686.3210992324359
2026-03-02 11:00:00,710.4442676351953
2026-03-02 11:15:00,731.3158064535221
2026-03-02 11:30:00,746.4966573850944
2026-03-02 11:45:00,751.5276100055843
2026-03-02 12:00:00,753.2299370432739
2026-03-02 12:15:00,748.9914641781426
2026-03-02 12:30:00,744.3446416012579
2026-03-02 12:45:00,735.7958778102022
2026-03-02 13:00:00,716.3607671609255
2026-03-02 13:15:00,694.7270758307263
2026-03-02 13:30:00,667.3239561103309
2026-03-02 13:45:00,635.6132207253587
2026-03-02 14:00:00,601.63840118993
2026-03-02 14:15:00,564.8147341889747
2026-03-02 14:30:00,523.5303436652159
2026-03-02 14:45:00,478.26435392558756
2026-03-02 15:00:00,431.47167103345583
2026-03-02 15:15:00,382.0772290318068
2026-03-02 15:30:00,330.8880082924179
2026-03-02 15:45:00,281.08316638170163
2026-03-02 16:00:00,227.14400316275055
2026-03-02 16:15:00,177.5089391477686
2026-03-02 16:30:00,127.62680801960607
2026-03-02 16:45:00,62.25742263470023
2026-03-02 17:00:00,6.114453740498619
2026-03-02 17:15:00,0.0
2026-03-02 17:30:00,0.0
2026-03-02 17:45:00,0.0
2026-03-02 18:00:00,0.0
2026-03-02 18:15:00,0.0
2026-03-02 18:30:00,0.0
2026-03-02 18:45:00,0.0
2026-03-02 19:00:00,0.0
2026-03-02 19:15:00,0.0
2026-03-02 19:30:00,0.0
2026-03-02 19:45:00,0.0
2026-03-02 20:00:00,0.0
2026-03-02 20:15:00,0.0
2026-03-02 20:30:00,0.0
2026-03-02 20:45:00,0.0
2026-03-02 21:00:00,0.0
2026-03-02 21:15:00,0.0
2026-03-02 21:30:00,0.0
2026-03-02 21:45:00,0.0
2026-03-02 22:00:00,0.0
2026-03-02 22:15:00,0.0
2026-03-02 22:30:00,0.0
2026-03-02 22:45:00,0.0
2026-03-02 23:00:00,0.0
2026-03-02 23:15:00,0.0
2026-03-02 23:30:00,0.0
2026-03-02 23:45:00,0.0
2026-03-03 00:00:00,0.0
2026-03-03 00:15:00,0.0
2026-03-03 00:30:00,0.0
2026-03-03 00:45:00,0.0
2026-03-03 01:00:00,0.0
2026-03-03 01:15:00,0.0
2026-03-03 01:30:00,0.0
2026-03-03 01:45:00,0.0
2026-03-03 02:00:00,0.0
2026-03-03 02:15:00,0.0
2026-03-03 02:30:00,0.0
2026-03-03 02:45:00,0.0
2026-03-03 03:00:00,0.0
2026-03-03 03:15:00,0.0
2026-03-03 03:30:00,0.0
2026-03-03 03:45:00,0.0
2026-03-03 04:00:00,0.0
2026-03-03 04:15:00,0.0
2026-03-03 04:30:00,0.0
2026-03-03 04:45:00,0.0
2026-03-03 05:00:00,0.0
2026-03-03 05:15:00,0.0
2026-03-03 05:30:00,0.0
2026-03-03 05:45:00,0.0
2026-03-03 06:00:00,0.0
2026-03-03 06:15:00,20.396572303655034
2026-03-03 06:30:00,59.77725500013034
2026-03-03 06:45:00,94.4677056294082
2026-03-03 07:00:00,123.1565814099842
2026-03-03 07:15:00,147.82144725253607
2026-03-03 07:30:00,173.46906650665875
2026-03-03 07:45:00,198.27621025296872
2026-03-03 08:00:00,223.17970185941192
2026-03-03 08:15:00,248.16366784296025
2026-03-03 08:30:00,272.24549592999335
2026-03-03 08:45:00,297.9103476494457
2026-03-03 09:00:00,325.66397864728754
2026-03-03 09:15:00,352.9152898011635
2026-03-03 09:30:00,379.24566650958946
2026-03-03 09:45:00,407.6434701044526
2026-03-03 10:00:00,434.6125576912559
2026-03-03 10:15:00,460.68624423019514
2026-03-03 10:30:00,485.87819949039147
2026-03-03 10:45:00,508.7226666192163
2026-03-03 11:00:00,529.237247898127
2026-03-03 11:15:00,545.9589970191613
2026-03-03 11:30:00,560.8883169903066
2026-03-03 11:45:00,573.5340050800284
2026-03-03 12:00:00,581.4569769807042
2026-03-03 12:15:00,588.6101261217955
2026-03-03 12:30:00,591.0717268626099
2026-03-03 12:45:00,589.307325629302
2026-03-03 13:00:00,585.333971488676
2026-03-03 13:15:00,579.7042568403158
2026-03-03 13:30:00,566.3403519968552
2026-03-03 13:45:00,549.2844049535884
2026-03-03 14:00:00,526.4664013613383
2026-03-03 14:15:00,500.32939392202167
2026-03-03 14:30:00,467.3285292811469
2026-03-03 14:45:00,430.84702330575675
2026-03-03 15:00:00,388.1915719271342
2026-03-03 15:15:00,341.6605718675752
2026-03-03 15:30:00,296.24563141610247
2026-03-03 15:45:00,249.8722911051815
2026-03-03 16:00:00,201.94209511391313
2026-03-03 16:15:00,156.66398346944897
2026-03-03 16:30:00,116.0426673540689
2026-03-03 16:45:00,57.36218634900325
2026-03-03 17:00:00,9.661051170028568
2026-03-03 17:15:00,0.0
2026-03-03 17:30:00,0.0
2026-03-03 17:45:00,0.0
2026-03-03 18:00:00,0.0
2026-03-03 18:15:00,0.0
2026-03-03 18:30:00,0.0
2026-03-03 18:45:00,0.0
2026-03-03 19:00:00,0.0
2026-03-03 19:15:00,0.0
2026-03-03 19:30:00,0.0
2026-03-03 19:45:00,0.0
2026-03-03 20:00:00,0.0
2026-03-03 20:15:00,0.0
2026-03-03 20:30:00,0.0
2026-03-03 20:45:00,0.0
2026-03-03 21:00:00,0.0
2026-03-03 21:15:00,0.0
2026-03-03 21:30:00,0.0
2026-03-03 21:45:00,0.0
2026-03-03 22:00:00,0.0
2026-03-03 22:15:00,0.0
2026-03-03 22:30:00,0.0
2026-03-03 22:45:00,0.0
2026-03-03 23:00:00,0.0
2026-03-03 23:15:00,0.0
2026-03-03 23:30:00,0.0
2026-03-03 23:45:00,0.0
2026-03-04 00:00:00,0.0
2026-03-04 00:15:00,0.0
2026-03-04 00:30:00,0.0
2026-03-04 00:45:00,0.0
2026-03-04 01:00:00,0.0
2026-03-04 01:15:00,0.0
2026-03-04 01:30:00,0.0
2026-03-04 01:45:00,0.0
2026-03-04 02:00:00,0.0
2026-03-04 02:15:00,0.0
2026-03-04 02:30:00,0.0
2026-03-04 02:45:00,0.0
2026-03-04 03:00:00,0.0
2026-03-04 03:15:00,0.0
2026-03-04 03:30:00,0.0
2026-03-04 03:45:00,0.0
2026-03-04 04:00:00,0.0
2026-03-04 04:15:00,0.0
2026-03-04 04:30:00,0.0
2026-03-04 04:45:00,0.0
2026-03-04 05:00:00,0.0
2026-03-04 05:15:00,0.0
2026-03-04 05:30:00,0.0
2026-03-04 05:45:00,0.0
2026-03-04 06:00:00,0.0
2026-03-04 06:15:00,36.650064794208
2026-03-04 06:30:00,97.49932511505719
2026-03-04 06:45:00,148.22662609807904
2026-03-04 07:00:00,186.5945894955999
2026-03-04 07:15:00,225.33383879342273
2026-03-04 07:30:00,262.68934012751333
2026-03-04 07:45:00,299.2903800988487
2026-03-04 08:00:00,334.50786960307545
2026-03-04 08:15:00,369.89672132287217
2026-03-04 08:30:00,404.459913766
2026-03-04 08:45:00,438.1825269790453
2026-03-04 09:00:00,473.5281503718003
2026-03-04 09:15:00,508.9862068993998
2026-03-04 09:30:00,544.1007819762951
2026-03-04 09:45:00,576.3712982035061
2026-03-04 10:00:00,610.2629412110141
2026-03-04 10:15:00,642.3549193894988
2026-03-04 10:30:00,670.1890025700438
2026-03-04 10:45:00,692.3197203207872
2026-03-04 11:00:00,712.2098416373501
2026-03-04 11:15:00,726.4288515867272
2026-03-04 11:30:00,733.5140696510638
2026-03-04 11:45:00,734.9362480253897
2026-03-04 12:00:00,730.6877419296334
2026-03-04 12:15:00,719.2769869819582
2026-03-04 12:30:00,702.6585060558759
2026-03-04 12:45:00,683.2634277729816
2026-03-04 13:00:00,656.6102865065656
2026-03-04 13:15:00,628.1464898085316
2026-03-04 13:30:00,596.8183890845487
2026-03-04 13:45:00,562.1422099649104
2026-03-04 14:00:00,526.0378923147762
2026-03-04 14:15:00,489.56873558547557
2026-03-04 14:30:00,448.554763098583
2026-03-04 14:45:00,408.6785205834245
2026-03-04 15:00:00,367.2397129021002
2026-03-04 15:15:00,324.76750085481297
2026-03-04 15:30:00,282.8407850732174
2026-03-04 15:45:00,240.790007840588
2026-03-04 16:00:00,196.74307841131036
2026-03-04 16:15:00,156.6078487117722
2026-03-04 16:30:00,114.91176351033013
2026-03-04 16:45:00,61.693817772780235
2026-03-04 17:00:00,13.846877078153522
2026-03-04 17:15:00,0.0
2026-03-04 17:30:00,0.0
2026-03-04 17:45:00,0.0
2026-03-04 18:00:00,0.0
2026-03-04 18:15:00,0.0
2026-03-04 18:30:00,0.0
2026-03-04 18:45:00,0.0
2026-03-04 19:00:00,0.0
2026-03-04 19:15:00,0.0
2026-03-04 19:30:00,0.0
2026-03-04 19:45:00,0.0
2026-03-04 20:00:00,0.0
2026-03-04 20:15:00,0.0
2026-03-04 20:30:00,0.0
2026-03-04 20:45:00,0.0
2026-03-04 21:00:00,0.0
2026-03-04 21:15:00,0.0
2026-03-04 21:30:00,0.0
2026-03-04 21:45:00,0.0
2026-03-04 22:00:00,0.0
2026-03-04 22:15:00,0.0
2026-03-04 22:30:00,0.0
2026-03-04 22:45:00,0.0
2026-03-04 23:00:00,0.0
2026-03-04 23:15:00,0.0
2026-03-04 23:30:00,0.0
2026-03-04 23:45:00,0.0
2026-03-05 00:00:00,0.0
2026-03-05 00:15:00,0.0
2026-03-05 00:30:00,0.0
2026-03-05 00:45:00,0.0
2026-03-05 01:00:00,0.0
2026-03-05 01:15:00,0.0
2026-03-05 01:30:00,0.0
2026-03-05 01:45:00,0.0
2026-03-05 02:00:00,0.0
2026-03-05 02:15:00,0.0
2026-03-05 02:30:00,0.0
2026-03-05 02:45:00,0.0
2026-03-05 03:00:00,0.0
2026-03-05 03:15:00,0.0
2026-03-05 03:30:00,0.0
2026-03-05 03:45:00,0.0
2026-03-05 04:00:00,0.0
2026-03-05 04:15:00,0.0
2026-03-05 04:30:00,0.0
2026-03-05 04:45:00,0.0
2026-03-05 05:00:00,0.0
2026-03-05 05:15:00,0.0
2026-03-05 05:30:00,0.0
2026-03-05 05:45:00,0.0
2026-03-05 06:00:00,1.0104335312879376
2026-03-05 06:15:00,40.04292098547922
2026-03-05 06:30:00,96.96466510688333
2026-03-05 06:45:00,141.31894331332083
2026-03-05 07:00:00,178.70248177201904
2026-03-05 07:15:00,214.6544578797818
2026-03-05 07:30:00,249.83727617734652
2026-03-05 07:45:00,283.6139641641793
2026-03-05 08:00:00,317.5481292812136
2026-03-05 08:15:00,350.09700891373427
2026-03-05 08:30:00,383.31314823724824
2026-03-05 08:45:00,417.1563291796771
2026-03-05 09:00:00,452.572352677816
2026-03-05 09:15:00,490.56643977156205
2026-03-05 09:30:00,527.1491935145941
2026-03-05 09:45:00,562.8491947206142
2026-03-05 10:00:00,600.6212756479807
2026-03-05 10:15:00,637.0409330351268
2026-03-05 10:30:00,669.2045825616116
2026-03-05 10:45:00,697.63273889369
2026-03-05 11:00:00,722.3467493427665
2026-03-05 11:15:00,741.4097473340876
2026-03-05 11:30:00,756.7918402214186
2026-03-05 11:45:00,763.6159209607818
2026-03-05 12:00:00,766.77188878537
2026-03-05 12:15:00,763.327884519166
2026-03-05 12:30:00,755.2206184928416
2026-03-05 12:45:00,741.9627591573685
2026-03-05 13:00:00,724.5153221946064
2026-03-05 13:15:00,701.8888619264288
2026-03-05 13:30:00,676.5218049830984
2026-03-05 13:45:00,645.4095549914704
2026-03-05 14:00:00,611.4978748619444
2026-03-05 14:15:00,573.7803112456097
2026-03-05 14:30:00,533.1919660852767
2026-03-05 14:45:00,488.6991341647058
2026-03-05 15:00:00,440.5978476811292
2026-03-05 15:15:00,391.4910456491118
2026-03-05 15:30:00,342.9482608042197
2026-03-05 15:45:00,290.31861273269885
2026-03-05 16:00:00,239.60949819092866
2026-03-05 16:15:00,189.0700141755702
2026-03-05 16:30:00,141.33924587428595
2026-03-05 16:45:00,80.39464535162311
2026-03-05 17:00:00,20.236765738839075
2026-03-05 17:15:00,0.0
2026-03-05 17:30:00,0.0
2026-03-05 17:45:00,0.0
2026-03-05 18:00:00,0.0
2026-03-05 18:15:00,0.0
2026-03-05 18:30:00,0.0
2026-03-05 18:45:00,0.0
2026-03-05 19:00:00,0.0
2026-03-05 19:15:00,0.0
2026-03-05 19:30:00,0.0
2026-03-05 19:45:00,0.0
2026-03-05 20:00:00,0.0
2026-03-05 20:15:00,0.0
2026-03-05 20:30:00,0.0
2026-03-05 20:45:00,0.0
2026-03-05 21:00:00,0.0
2026-03-05 21:15:00,0.0
2026-03-05 21:30:00,0.0
2026-03-05 21:45:00,0.0
2026-03-05 22:00:00,0.0
2026-03-05 22:15:00,0.0
2026-03-05 22:30:00,0.0
2026-03-05 22:45:00,0.0
2026-03-05 23:00:00,0.0
2026-03-05 23:15:00,0.0
2026-03-05 23:30:00,0.0
2026-03-05 23:45:00,0.0
2026-03-06 00:00:00,0.0
2026-03-06 00:15:00,0.0
2026-03-06 00:30:00,0.0
2026-03-06 00:45:00,0.0
2026-03-06 01:00:00,0.0
2026-03-06 01:15:00,0.0
2026-03-06 01:30:00,0.0
2026-03-06 01:45:00,0.0
2026-03-06 02:00:00,0.0
2026-03-06 02:15:00,0.0
2026-03-06 02:30:00,0.0
2026-03-06 02:45:00,0.0
2026-03-06 03:00:00,0.0
2026-03-06 03:15:00,0.0
2026-03-06 03:30:00,0.0
2026-03-06 03:45:00,0.0
2026-03-06 04:00:00,0.0
2026-03-06 04:15:00,0.0
2026-03-06 04:30:00,0.0
2026-03-06 04:45:00,0.0
2026-03-06 05:00:00,0.0
2026-03-06 05:15:00,0.0
2026-03-06 05:30:00,0.0
2026-03-06 05:45:00,0.0
2026-03-06 06:00:00,4.076878847800968
2026-03-06 06:15:00,53.36315644331626
2026-03-06 06:30:00,118.37433335622458
2026-03-06 06:45:00,164.0264369461988
2026-03-06 07:00:00,205.20628958534598
2026-03-06 07:15:00,245.72706971457836
2026-03-06 07:30:00,286.44444397230166
2026-03-06 07:45:00,325.7701698609361
2026-03-06 08:00:00,362.76259825059714
2026-03-06 08:15:00,398.41543537358945
2026-03-06 08:30:00,434.7450095107404
2026-03-06 08:45:00,471.1993337229893
2026-03-06 09:00:00,508.2770262267312
2026-03-06 09:15:00,544.4909876736506
2026-03-06 09:30:00,581.3143519852472
2026-03-06 09:45:00,615.3258406500141
2026-03-06 10:00:00,648.9898701126033
2026-03-06 10:15:00,681.3385140334092
2026-03-06 10:30:00,710.9302146654979
2026-03-06 10:45:00,735.3554347372394
2026-03-06 11:00:00,755.6044870614503
2026-03-06 11:15:00,771.6897224943737
2026-03-06 11:30:00,782.6477695135011
2026-03-06 11:45:00,787.9994676094957
2026-03-06 12:00:00,787.7427264935069
2026-03-06 12:15:00,781.8713735682746
2026-03-06 12:30:00,770.8628000965439
2026-03-06 12:45:00,755.6813886286171
2026-03-06 13:00:00,735.8128979292994
2026-03-06 13:15:00,712.734788644903
2026-03-06 13:30:00,683.4437785914911
2026-03-06 13:45:00,651.8740041825633
2026-03-06 14:00:00,616.5281287621917
2026-03-06 14:15:00,578.34604708546
2026-03-06 14:30:00,535.7701250204502
2026-03-06 14:45:00,490.78237364126346
2026-03-06 15:00:00,442.7644109598857
2026-03-06 15:15:00,393.14727435847965
2026-03-06 15:30:00,343.04796689303896
2026-03-06 15:45:00,290.4860655067168
2026-03-06 16:00:00,240.52874263149585
2026-03-06 16:15:00,189.26696666216532
2026-03-06 16:30:00,142.41280104412027
2026-03-06 16:45:00,84.28545915193592
2026-03-06 17:00:00,25.810092491496306
2026-03-06 17:15:00,0.0
2026-03-06 17:30:00,0.0
2026-03-06 17:45:00,0.0
2026-03-06 18:00:00,0.0
2026-03-06 18:15:00,0.0
2026-03-06 18:30:00,0.0
2026-03-06 18:45:00,0.0
2026-03-06 19:00:00,0.0
2026-03-06 19:15:00,0.0
2026-03-06 19:30:00,0.0
2026-03-06 19:45:00,0.0
2026-03-06 20:00:00,0.0
2026-03-06 20:15:00,0.0
2026-03-06 20:30:00,0.0
2026-03-06 20:45:00,0.0
2026-03-06 21:00:00,0.0
2026-03-06 21:15:00,0.0
2026-03-06 21:30:00,0.0
2026-03-06 21:45:00,0.0
2026-03-06 22:00:00,0.0
2026-03-06 22:15:00,0.0
2026-03-06 22:30:00,0.0
2026-03-06 22:45:00,0.0
2026-03-06 23:00:00,0.0
2026-03-06 23:15:00,0.0
2026-03-06 23:30:00,0.0
2026-03-06 23:45:00,0.0
2026-03-07 00:00:00,0.0
2026-03-07 00:15:00,0.0
2026-03-07 00:30:00,0.0
2026-03-07 00:45:00,0.0
2026-03-07 01:00:00,0.0
2026-03-07 01:15:00,0.0
2026-03-07 01:30:00,0.0
2026-03-07 01:45:00,0.0
2026-03-07 02:00:00,0.0
2026-03-07 02:15:00,0.0
2026-03-07 02:30:00,0.0
2026-03-07 02:45:00,0.0
2026-03-07 03:00:00,0.0
2026-03-07 03:15:00,0.0
2026-03-07 03:30:00,0.0
2026-03-07 03:45:00,0.0
2026-03-07 04:00:00,0.0
2026-03-07 04:15:00,0.0
2026-03-07 04:30:00,0.0
2026-03-07 04:45:00,0.0
2026-03-07 05:00:00,0.0
2026-03-07 05:15:00,0.0
2026-03-07 05:30:00,0.0
2026-03-07 05:45:00,0.0
2026-03-07 06:00:00,3.0852043820032216
2026-03-07 06:15:00,23.308149457017286
2026-03-07 06:30:00,42.8717216951776
2026-03-07 06:45:00,55.444398911074344
2026-03-07 07:00:00,66.64294985889667
2026-03-07 07:15:00,78.72485883603886
2026-03-07 07:30:00,89.35950359216518
2026-03-07 07:45:00,103.67300033748941
2026-03-07 08:00:00,118.93170188000548
2026-03-07 08:15:00,136.69991439031017
2026-03-07 08:30:00,159.82087767994994
2026-03-07 08:45:00,190.7239942796765
2026-03-07 09:00:00,230.800875071603
2026-03-07 09:15:00,279.50913448952906
2026-03-07 09:30:00,333.9190089034418
2026-03-07 09:45:00,393.0807847291178
2026-03-07 10:00:00,461.37926401200536
2026-03-07 10:15:00,534.0018004603596
2026-03-07 10:30:00,602.7743233381503
2026-03-07 10:45:00,664.3833512317752
2026-03-07 11:00:00,720.8097773781882
2026-03-07 11:15:00,771.622012481519
2026-03-07 11:30:00,811.0576460799211
2026-03-07 11:45:00,836.7127420406255
2026-03-07 12:00:00,849.5608324951844
2026-03-07 12:15:00,851.0402116407157
2026-03-07 12:30:00,844.0366355567107
2026-03-07 12:45:00,829.012865345346
2026-03-07 13:00:00,806.421038585499
2026-03-07 13:15:00,776.2279964969753
2026-03-07 13:30:00,741.3111443103866
2026-03-07 13:45:00,704.1069041867748
2026-03-07 14:00:00,664.6057044513386
2026-03-07 14:15:00,620.7839223818814
2026-03-07 14:30:00,574.0729815350627
2026-03-07 14:45:00,525.925470615946
2026-03-07 15:00:00,475.3208376207569
2026-03-07 15:15:00,423.16206035731693
2026-03-07 15:30:00,369.34253429934
2026-03-07 15:45:00,314.31644604869786
2026-03-07 16:00:00,258.8706012685565
2026-03-07 16:15:00,205.1408530457213
2026-03-07 16:30:00,154.91079399012705
2026-03-07 16:45:00,95.65905385966894
2026-03-07 17:00:00,32.8537971276064
2026-03-07 17:15:00,0.0
2026-03-07 17:30:00,0.0
2026-03-07 17:45:00,0.0
2026-03-07 18:00:00,0.0
2026-03-07 18:15:00,0.0
2026-03-07 18:30:00,0.0
2026-03-07 18:45:00,0.0
2026-03-07 19:00:00,0.0
2026-03-07 19:15:00,0.0
2026-03-07 19:30:00,0.0
2026-03-07 19:45:00,0.0
2026-03-07 20:00:00,0.0
2026-03-07 20:15:00,0.0
2026-03-07 20:30:00,0.0
2026-03-07 20:45:00,0.0
2026-03-07 21:00:00,0.0
2026-03-07 21:15:00,0.0
2026-03-07 21:30:00,0.0
2026-03-07 21:45:00,0.0
2026-03-07 22:00:00,0.0
2026-03-07 22:15:00,0.0
2026-03-07 22:30:00,0.0
2026-03-07 22:45:00,0.0
2026-03-07 23:00:00,0.0
2026-03-07 23:15:00,0.0
2026-03-07 23:30:00,0.0
2026-03-07 23:45:00,0.0
2026-03-08 00:00:00,0.0
2026-03-08 00:15:00,0.0
2026-03-08 00:30:00,0.0
2026-03-08 00:45:00,0.0
2026-03-08 01:00:00,0.0
2026-03-08 01:15:00,0.0
2026-03-08 01:30:00,0.0
2026-03-08 01:45:00,0.0
2026-03-08 02:00:00,0.0
2026-03-08 02:15:00,0.0
2026-03-08 02:30:00,0.0
2026-03-08 02:45:00,0.0
2026-03-08 03:00:00,0.0
2026-03-08 03:15:00,0.0
2026-03-08 03:30:00,0.0
2026-03-08 03:45:00,0.0
2026-03-08 04:00:00,0.0
2026-03-08 04:15:00,0.0
2026-03-08 04:30:00,0.0
2026-03-08 04:45:00,0.0
2026-03-08 05:00:00,0.0
2026-03-08 05:15:00,0.0
2026-03-08 05:30:00,0.0
2026-03-08 05:45:00,0.0
2026-03-08 06:00:00,11.521817309453777
2026-03-08 06:15:00,63.697771247308204
2026-03-08 06:30:00,125.82946695455283
2026-03-08 06:45:00,171.5036367721334
2026-03-08 07:00:00,215.5352938274525
2026-03-08 07:15:00,257.1341590300781
2026-03-08 07:30:00,297.3454502470933
2026-03-08 07:45:00,336.1980006339603
2026-03-08 08:00:00,372.73318099235814
2026-03-08 08:15:00,407.9335592977528
2026-03-08 08:30:00,438.8696836521317
2026-03-08 08:45:00,467.0433988946613
2026-03-08 09:00:00,490.52535258482976
2026-03-08 09:15:00,508.8521175169112
2026-03-08 09:30:00,524.4526649994032
2026-03-08 09:45:00,536.3489211656997
2026-03-08 10:00:00,544.0618555674316
2026-03-08 10:15:00,547.5896855683793
2026-03-08 10:30:00,547.3953725723709
2026-03-08 10:45:00,547.793102472472
2026-03-08 11:00:00,544.445275951781
2026-03-08 11:15:00,538.3143320319849
2026-03-08 11:30:00,531.7719534031077
2026-03-08 11:45:00,522.8991541749585
2026-03-08 12:00:00,513.6047656312502
2026-03-08 12:15:00,503.41723657654137
2026-03-08 12:30:00,491.36370286886347
2026-03-08 12:45:00,477.93993910968675
2026-03-08 13:00:00,463.62184629168416
2026-03-08 13:15:00,446.9563063077884
2026-03-08 13:30:00,428.909807367062
2026-03-08 13:45:00,409.9701418825209
2026-03-08 14:00:00,388.6734152728005
2026-03-08 14:15:00,365.9812682792254
2026-03-08 14:30:00,343.3750847952185
2026-03-08 14:45:00,318.3936148103422
2026-03-08 15:00:00,293.513256580883
2026-03-08 15:15:00,267.789670833587
2026-03-08 15:30:00,240.67990096293673
2026-03-08 15:45:00,210.57350699406513
2026-03-08 16:00:00,181.2529684036123
2026-03-08 16:15:00,148.83833995882935
2026-03-08 16:30:00,116.60607971934942
2026-03-08 16:45:00,75.30672341718777
2026-03-08 17:00:00,29.74077764922748
2026-03-08 17:15:00,0.0
2026-03-08 17:30:00,0.0
2026-03-08 17:45:00,0.0
2026-03-08 18:00:00,0.0
2026-03-08 18:15:00,0.0
2026-03-08 18:30:00,0.0
2026-03-08 18:45:00,0.0
2026-03-08 19:00:00,0.0
2026-03-08 19:15:00,0.0
2026-03-08 19:30:00,0.0
2026-03-08 19:45:00,0.0
2026-03-08 20:00:00,0.0
2026-03-08 20:15:00,0.0
2026-03-08 20:30:00,0.0
2026-03-08 20:45:00,0.0
2026-03-08 21:00:00,0.0
2026-03-08 21:15:00,0.0
2026-03-08 21:30:00,0.0
2026-03-08 21:45:00,0.0
2026-03-08 22:00:00,0.0
2026-03-08 22:15:00,0.0
2026-03-08 22:30:00,0.0
2026-03-08 22:45:00,0.0
2026-03-08 23:00:00,0.0
